date,KORFBEV,KORWHLS,KORMCMP,KORELEC,KORCNST,KORMACH,KOROCOINF,KOEMPTOTO,KOHWRWEMP,KOWRCDURE,KOCONPRCF,KOEQUIPTE,KOWRCCNSE,KOIMPCONA
1985-04-05,0.03804698,0.1,0.040352,0.0,0.036195735,0.1,,,,,,,,
1985-04-12,0.021321638,0.1,0.019863872,0.0,0.054360372,0.1,,,,,,,,
1985-04-19,0.0185,0.0,-0.000685,0.0,0.0486,0.0,,,,,,,,
1985-04-26,0.013792952,0.0,-0.003235151,0.0,0.051952989,0.0,,,,,,,,
1985-04-30,,,,,,,1.333353087,-0.038673396,-0.333087613,,0.102371618,,,
1985-05-03,-0.008696978,0.0,-0.03638006,-0.1,0.01829194,-0.1,,,,,,,,
1985-05-10,-0.000414,0.0,-0.040043546,-0.1,-0.020878098,0.0,,,,,,,,
1985-05-17,0.047003709,0.0,-0.029174405,-0.1,-0.043227674,0.0,,,,,,,,
1985-05-24,0.046708619,0.0,-0.009635842,-0.1,-0.02833843,0.1,,,,,,,,
1985-05-31,0.065830043,0.0,0.011759528,0.0,-0.028519125,0.1,0.660068403,0.718982033,0.061564552,,0.713681874,,,
1985-06-07,0.074782867,0.0,0.018596506,0.0,-0.026759775,0.1,,,,,,,,
1985-06-14,0.054859404,0.0,0.070204552,0.1,0.032672063,0.1,,,,,,,,
1985-06-21,0.022397042,0.0,0.048129178,0.0,0.015040563,0.1,,,,,,,,
1985-06-28,0.0106,0.0,0.026784923,0.0,0.00024,0.0,,,,,,,,
1985-06-30,,,,,,,0.655740055,-0.14658841,0.396932624,,0.101540032,,,
1985-07-05,-0.006437871,0.0,-0.001314985,-0.1,-0.02042487,0.0,,,,,,,,
1985-07-12,-0.023603454,0.0,-0.01732401,-0.1,-0.034827808,0.0,,,,,,,,
1985-07-19,-0.019204137,-0.1,-0.036399959,-0.1,-0.043218957,-0.1,,,,,,,,
1985-07-26,-0.029718646,0.0,-0.013608834,0.0,-0.03168593,0.0,,,,,,,,
1985-07-31,,,,,,,0.651468102,-0.096798024,-0.600744155,,0.0,,,
1985-08-02,-0.026605965,0.0,0.019753416,0.0,-0.009505828,0.0,,,,,,,,
1985-08-09,-0.034401062,0.0,0.007895008,0.0,-0.012224194,0.0,,,,,,,,
1985-08-16,-0.040628037,0.0,-0.00555015,0.0,-0.020668291,0.0,,,,,,,,
1985-08-23,-0.0224,0.0,-0.000956,0.0,0.033,0.0,,,,,,,,
1985-08-30,-0.017535737,0.0,-0.018657118,-0.1,0.066586202,0.0,,,,,,,,
1985-08-31,,,,,,,0.647251451,0.063674119,-0.33358439,,0.169004603,,,
1985-09-06,-0.025750152,0.0,-0.02667957,0.0,0.038545108,0.0,,,,,,,,
1985-09-13,-0.014127097,0.0,-0.00691068,0.0,0.067288409,0.0,,,,,,,,
1985-09-20,-0.010514124,0.0,-0.001874116,0.0,0.047415032,0.0,,,,,,,,
1985-09-27,-0.013399084,0.0,0.004711835,0.0,0.032768687,0.0,,,,,,,,
1985-09-30,,,,,,,0.0,0.850125934,-0.359915879,,1.108323688,,,
1985-10-04,-0.007082345,0.0,0.024916034,0.0,0.079520164,0.0,,,,,,,,
1985-10-11,0.000985,0.0,0.013700645,0.0,0.072274503,0.0,,,,,,,,
1985-10-18,-0.005406005,0.0,0.016425639,0.0,0.095024561,0.0,,,,,,,,
1985-10-25,-0.008575595,0.0,0.030330819,0.1,0.084005297,0.0,,,,,,,,
1985-10-31,,,,,,,0.643089033,0.803680233,0.937585141,,0.3001503,,,
1985-11-01,-0.031285744,0.0,0.007415713,0.1,0.036912505,0.0,,,,,,,,
1985-11-08,-0.043206569,0.0,0.019885964,0.1,0.007683044,0.0,,,,,,,,
1985-11-15,-0.024310117,0.0,0.069752051,0.2,0.017032004,0.0,,,,,,,,
1985-11-22,-0.039330869,0.0,0.069046078,0.1,-0.024989958,0.0,,,,,,,,
1985-11-29,-0.026166219,0.0,0.088536374,0.1,-0.043249024,0.1,,,,,,,,
1985-11-30,,,,,,,1.273902578,0.277384317,-0.818254987,,-1.206044769,,,
1985-12-06,0.006340913,0.1,0.137308174,0.1,-0.057150644,0.1,,,,,,,,
1985-12-13,0.019814636,0.1,0.163622394,0.2,-0.064819355,0.1,,,,,,,,
1985-12-20,0.008867192,0.1,0.094949136,0.0,-0.00226761,0.1,,,,,,,,
1985-12-27,0.040722986,0.1,0.139067736,0.1,0.033972133,0.1,,,,,,,,
1985-12-31,,,,,,,1.257878221,-1.18449948,1.029415116,,0.604840554,,,
1986-01-03,0.033581287,0.1,0.103229937,0.1,0.057581315,0.1,,,,,,,,
1986-01-10,0.052436657,0.0,0.074592671,0.1,0.007341686,0.1,,,,,,,,
1986-01-17,0.055108108,0.0,0.044701056,0.1,-0.028136792,0.0,,,,,,,,
1986-01-24,0.05475585,-0.1,0.007793627,0.1,-0.116244614,0.0,,,,,,,,
1986-01-31,0.061631785,-0.1,0.031398235,0.1,-0.095351995,0.0,0.623054975,-0.285480973,0.166201311,,0.900456309,,,
1986-02-07,0.048058139,0.0,0.055845705,0.1,-0.059647157,0.1,,,,,,,,
1986-02-14,0.031970754,0.1,0.063302385,0.1,-0.014552419,0.1,,,,,,,,
1986-02-21,0.053400995,0.2,0.14920734,0.2,0.031475055,0.2,,,,,,,,
1986-02-28,0.075315268,0.2,0.14229366,0.2,0.037128345,0.2,1.234583582,0.748679173,-0.555778272,,0.562822211,,,
1986-03-07,0.070138434,0.2,0.16474801,0.2,0.147444501,0.1,,,,,,,,
1986-03-14,0.034369034,0.1,0.100144438,0.2,0.178498534,0.2,,,,,,,,
1986-03-21,0.06218015,0.1,0.104005948,0.1,0.114105796,0.2,,,,,,,,
1986-03-28,0.047369074,0.1,0.120355965,0.2,0.097974465,0.2,,,,,,,,
1986-03-31,,,,,,,0.611622702,-0.257758412,0.09835648,,0.197889247,,,
1986-04-04,0.129099743,0.2,0.130699737,0.2,0.0753099,0.2,,,,,,,,
1986-04-11,0.172920242,0.2,0.138324988,0.1,-0.020567821,0.1,,,,,,,,
1986-04-18,0.223562784,0.1,0.141706595,0.1,0.007361289,0.0,,,,,,,,
1986-04-25,0.085459712,0.0,0.001578829,0.0,-0.10004889,-0.1,,,,,,,,
1986-04-30,,,,,,,0.607904608,1.308061362,1.160197866,,-0.098895673,,,
1986-05-02,0.083482019,0.0,0.014613463,0.0,-0.023941311,0.0,,,,,,,,
1986-05-09,-0.004236622,-0.1,-0.051699289,-0.1,-0.11221434,0.0,,,,,,,,
1986-05-16,-0.034526711,-0.1,-0.040844142,-0.1,-0.113317219,0.0,,,,,,,,
1986-05-23,0.031533657,0.1,0.062549148,0.1,-0.032857077,0.1,,,,,,,,
1986-05-30,0.077905308,0.2,0.168410252,0.2,0.0108807,0.2,,,,,,,,
1986-05-31,,,,,,,1.80185055,0.354214337,-2.578612573,,0.591912284,,,
1986-06-06,0.057027584,0.2,0.15809346,0.2,-0.018428971,0.1,,,,,,,,
1986-06-13,0.066730601,0.2,0.19847389,0.3,0.025833238,0.2,,,,,,,,
1986-06-20,0.060615167,0.2,0.170219915,0.2,0.004621358,0.2,,,,,,,,
1986-06-27,0.029290742,0.1,0.087171964,0.1,0.066597391,0.0,,,,,,,,
1986-06-30,,,,,,,1.183445765,0.417005739,0.840598164,,-0.196915062,,,
1986-07-04,-0.009693951,0.1,0.078516251,0.1,0.111594717,0.0,,,,,,,,
1986-07-11,-0.030075767,0.1,0.035111988,0.0,0.079853684,0.0,,,,,,,,
1986-07-18,-0.050538881,0.0,-0.001676976,0.0,0.090710946,0.0,,,,,,,,
1986-07-25,-0.048856909,0.1,0.049591153,0.1,0.050869139,0.0,,,,,,,,
1986-07-31,,,,,,,0.586511945,0.916127146,0.174880237,,0.098506,,,
1986-08-01,0.003928726,0.1,0.030775832,0.1,-0.012197041,0.0,,,,,,,,
1986-08-08,0.021558225,0.1,0.02511814,0.0,0.001756518,0.0,,,,,,,,
1986-08-15,0.0285074,0.1,0.04402127,0.1,0.031103899,0.0,,,,,,,,
1986-08-22,0.040191159,0.1,0.046808732,0.1,-0.003458975,0.0,,,,,,,,
1986-08-29,-0.00757,0.0,-0.003371255,0.0,-0.000396,-0.1,,,,,,,,
1986-08-31,,,,,,,1.1628038,1.394076933,0.650072055,,-0.098506,,,
1986-09-05,-0.038662349,0.0,-0.008615508,0.0,-0.029842974,-0.1,,,,,,,,
1986-09-12,-0.022660121,0.0,0.018353476,0.0,-0.009930897,0.0,,,,,,,,
1986-09-19,-0.027710652,0.0,0.010855375,0.0,0.044967663,0.0,,,,,,,,
1986-09-26,-0.041520802,0.0,-0.012239312,0.0,0.056239926,0.0,,,,,,,,
1986-09-30,,,,,,,0.576370472,-1.242661199,-34.78838892,,0.589585724,,,
1986-10-03,-0.030241569,0.0,-0.012791594,0.0,0.036530042,0.0,,,,,,,,
1986-10-10,-0.028881121,0.0,-0.034496186,-0.1,0.044968524,0.0,,,,,,,,
1986-10-17,-0.063965282,-0.1,-0.115617348,-0.1,-0.058196009,-0.1,,,,,,,,
1986-10-24,-0.075722903,-0.2,-0.15279273,-0.2,-0.129369309,-0.2,,,,,,,,
1986-10-31,-0.043400039,0.0,-0.070685049,-0.1,-0.078744521,-0.1,0.573067471,1.162784159,34.60858493,,-0.984582946,,,
1986-11-07,0.000485,0.1,-0.010476453,0.0,-0.037057294,0.0,,,,,,,,
1986-11-14,0.009308117,0.1,0.029303482,0.0,-0.017645335,0.1,,,,,,,,
1986-11-21,0.066837088,0.2,0.134181846,0.2,0.082154552,0.2,,,,,,,,
1986-11-28,0.056763291,0.1,0.126490339,0.1,0.068149117,0.2,,,,,,,,
1986-11-30,,,,,,,0.569802111,1.56595565,0.835577271,,-0.165043774,,,
1986-12-05,0.030882565,0.0,0.090218977,0.1,0.032002544,0.1,,,,,,,,
1986-12-12,0.017131074,0.0,0.075579521,0.1,0.016973696,0.0,,,,,,,,
1986-12-19,0.00869215,0.0,0.052743083,0.1,-0.018672648,0.0,,,,,,,,
1986-12-26,0.003876342,-0.1,0.030153804,0.0,-0.040575883,-0.1,,,,,,,,
1986-12-31,,,,,,,0.566573754,-0.694629825,-0.386385302,,0.0,,,
1987-01-02,0.008963303,-0.1,0.02188598,0.0,-0.028446754,-0.1,,,,,,,,
1987-01-09,0.007326172,-0.1,-0.004940079,0.1,-0.141367691,0.0,,,,,,,,
1987-01-16,0.092389279,-0.1,0.063903317,0.2,-0.199669056,0.0,,,,,,,,
1987-01-23,0.098139456,-0.1,0.05677131,0.1,-0.141402308,0.0,,,,,,,,
1987-01-30,0.22336249,0.0,0.098559864,0.2,-0.121850718,0.0,,,,,,,,
1987-01-31,,,,,,,0.563381772,-0.841990045,0.091192287,,0.362737413,,,
1987-02-06,0.287006688,0.1,0.131344034,0.1,-0.026066363,0.0,,,,,,,,
1987-02-13,0.235904197,0.1,0.091321774,0.0,0.139264367,0.1,,,,,,,,
1987-02-20,0.213831863,0.1,0.06399716,0.0,0.150143648,0.0,,,,,,,,
1987-02-27,0.190645585,0.1,0.077421061,0.0,0.147651364,0.1,,,,,,,,
1987-02-28,,,,,,,1.11733006,3.96973396,-0.327639854,,0.197303583,,,
1987-03-06,0.161692628,0.1,0.101278547,0.0,0.11147791,0.1,,,,,,,,
1987-03-13,0.163151657,0.0,0.088929327,0.0,0.107232129,0.0,,,,,,,,
1987-03-20,0.244700228,0.1,0.133057178,0.0,0.195377405,0.1,,,,,,,,
1987-03-27,0.201764487,0.1,0.169220687,0.1,0.241208973,0.1,,,,,,,,
1987-03-31,,,,,,,1.104983619,-0.905125802,-0.24436348,,0.785344351,,,
1987-04-03,0.120994784,0.1,0.084689406,0.1,0.268144792,0.0,,,,,,,,
1987-04-10,0.061253325,0.1,0.029175506,0.0,0.172756243,0.0,,,,,,,,
1987-04-17,-0.043590462,0.0,-0.018580001,0.0,0.069663534,-0.1,,,,,,,,
1987-04-24,-0.078141028,-0.1,-0.077814219,-0.1,0.006085018,-0.1,,,,,,,,
1987-04-30,,,,,,,1.092907053,-0.35704377,0.63175132,,0.584987044,,,
1987-05-01,-0.052327442,0.0,-0.07930321,-0.1,-0.039476038,-0.1,,,,,,,,
1987-05-08,0.037482208,0.0,0.007745181,0.0,0.002490398,0.0,,,,,,,,
1987-05-15,0.091288497,0.1,0.040919886,0.0,0.106945611,0.0,,,,,,,,
1987-05-22,0.104990349,0.1,0.069487247,0.0,0.20727437,0.1,,,,,,,,
1987-05-29,0.043252557,0.1,0.04107842,0.0,0.201649617,0.1,,,,,,,,
1987-05-31,,,,,,,1.617285925,0.18775924,0.028734754,,1.511525803,,,
1987-06-05,-0.006863374,0.1,0.014266788,0.0,0.20486179,0.0,,,,,,,,
1987-06-12,-0.045065106,0.1,0.004780247,0.0,0.219337428,0.0,,,,,,,,
1987-06-19,-0.080413264,0.0,-0.031050587,0.0,0.062235499,0.0,,,,,,,,
1987-06-26,-0.04906884,0.0,-0.014535031,0.0,-0.001805121,0.0,,,,,,,,
1987-06-30,,,,,,,1.063839821,0.469086634,1.210031476,,-0.095800742,,,
1987-07-03,0.031394293,0.0,0.062869471,0.1,0.07204045,0.1,,,,,,,,
1987-07-10,0.066707453,0.1,0.102479739,0.1,0.223411073,0.2,,,,,,,,
1987-07-17,0.097101897,0.1,0.134722158,0.2,0.208002826,0.2,,,,,,,,
1987-07-24,0.096556343,0.1,0.136613829,0.2,0.201788783,0.2,,,,,,,,
1987-07-31,0.0886897,0.2,0.105146223,0.1,0.288820985,0.2,1.052641299,0.064419498,-1.458660623,,-0.287954126,,,
1987-08-07,0.027304149,0.1,0.017131594,0.0,0.156914144,0.0,,,,,,,,
1987-08-14,-0.028476323,0.1,-0.027001349,-0.1,0.158473703,0.0,,,,,,,,
1987-08-21,-0.063312201,0.0,-0.038698578,-0.1,0.246047706,0.0,,,,,,,,
1987-08-28,-0.064017882,-0.1,-0.075923016,-0.1,0.062473054,-0.1,,,,,,,,
1987-08-31,,,,,,,-0.524935589,0.322269721,-2.182160997,,1.399959231,,,
1987-09-04,-0.117213979,-0.1,-0.089025019,-0.1,0.013144815,-0.1,,,,,,,,
1987-09-11,-0.081022138,-0.1,-0.055511286,-0.1,0.024476954,-0.1,,,,,,,,
1987-09-18,-0.063361148,0.0,-0.052488759,-0.1,-0.040943221,-0.1,,,,,,,,
1987-09-25,-0.030171313,0.0,-0.034676139,-0.1,-0.054256244,0.0,,,,,,,,
1987-09-30,,,,,,,0.0,0.852386546,4.195364201,,0.661315589,,,
1987-10-02,-0.00581,0.1,0.018014086,0.0,-0.000695,0.0,,,,,,,,
1987-10-09,0.024162276,0.1,0.055110515,0.0,-0.02330833,0.1,,,,,,,,
1987-10-16,0.064134838,0.1,0.064529243,0.0,-0.06229951,0.0,,,,,,,,
1987-10-23,0.035501333,0.1,0.053126716,0.0,-0.014452165,0.0,,,,,,,,
1987-10-30,-0.001981952,0.0,0.009995647,0.0,-0.005919414,0.0,,,,,,,,
1987-10-31,,,,,,,1.047129987,-0.173424239,-1.566542509,,0.094117654,,,
1987-11-06,-0.025823485,-0.1,-0.051363714,-0.1,-0.076102262,-0.1,,,,,,,,
1987-11-13,-0.079409001,-0.2,-0.12633579,-0.2,-0.158564891,-0.2,,,,,,,,
1987-11-20,-0.047061751,-0.1,-0.081129524,-0.1,-0.213133564,-0.1,,,,,,,,
1987-11-27,0.005952167,-0.1,-0.073354415,-0.1,-0.244394088,0.0,,,,,,,,
1987-11-30,,,,,,,1.550418654,0.487594241,0.522787312,,-0.188323973,,,
1987-12-04,0.064939552,0.0,-0.005261664,0.0,-0.068550692,0.0,,,,,,,,
1987-12-11,0.123359638,0.0,0.056650359,0.0,-0.067203863,0.0,,,,,,,,
1987-12-18,0.16653254,0.1,0.101059557,0.1,0.08131717,0.1,,,,,,,,
1987-12-25,0.128055617,0.2,0.107497277,0.1,0.223039781,0.1,,,,,,,,
1987-12-31,,,,,,,1.526747213,0.896949926,-2.292207971,,0.844678884,,,
1988-01-01,0.097237767,0.2,0.099404418,0.1,0.175246073,0.1,,,,,,,,
1988-01-08,0.137344142,0.3,0.080271865,0.0,0.32585341,0.1,,,,,,,,
1988-01-15,0.079251468,0.3,0.091188317,0.1,0.417158653,0.2,,,,,,,,
1988-01-22,0.044204437,0.2,0.051462283,0.1,0.297855983,0.1,,,,,,,,
1988-01-29,0.060087434,0.4,0.092799671,0.1,0.337695633,0.2,,,,,,,,
1988-01-31,,,,,,,0.503779403,0.370499177,1.827088164,,0.528197593,,,
1988-02-05,-0.040927982,0.3,0.035463401,0.1,0.348248123,0.2,,,,,,,,
1988-02-12,-0.014001647,0.2,0.044751358,0.1,0.247197172,0.2,,,,,,,,
1988-02-19,0.046244459,0.3,0.090062461,0.1,0.228497753,0.2,,,,,,,,
1988-02-26,-0.009110759,0.1,0.021835872,0.0,0.138091309,0.1,,,,,,,,
1988-02-29,,,,,,,1.000008333,-0.16133549,0.881159692,,1.659534091,,,
1988-03-04,0.006408177,-0.1,0.004779397,0.0,-0.063350016,0.0,,,,,,,,
1988-03-11,0.00228704,-0.1,0.001943908,0.0,-0.081077916,-0.1,,,,,,,,
1988-03-18,-0.051074389,-0.1,-0.040146245,0.0,-0.114259502,-0.1,,,,,,,,
1988-03-25,-0.060620182,-0.1,-0.038205908,0.0,-0.106009236,-0.1,,,,,,,,
1988-03-31,,,,,,,0.0,-0.265186081,-0.501488718,,1.422326898,,,
1988-04-01,-0.007389607,0.0,0.042174382,0.1,0.026081358,0.0,,,,,,,,
1988-04-08,0.00915,0.0,0.080060055,0.2,-0.000886,0.1,,,,,,,,
1988-04-15,0.005388752,0.0,0.054542252,0.1,-0.007548218,0.0,,,,,,,,
1988-04-22,-0.005127286,-0.1,0.058409853,0.1,-0.06928265,0.1,,,,,,,,
1988-04-29,0.005247995,0.0,0.035990113,0.1,-0.004772769,0.0,,,,,,,,
1988-04-30,,,,,,,0.0,-0.330074426,0.068397576,,-0.180451177,,,
1988-05-06,-0.004576074,0.0,0.003686846,0.0,0.013370745,0.0,,,,,,,,
1988-05-13,-0.00657245,0.1,0.014508961,0.0,0.110217306,0.1,,,,,,,,
1988-05-20,0.050209691,0.2,0.077697546,0.1,0.197151239,0.2,,,,,,,,
1988-05-27,0.068665101,0.2,0.080756275,0.0,0.235368333,0.2,,,,,,,,
1988-05-31,,,,,,,0.0,0.155108927,0.290919055,,0.54037958,,,
1988-06-03,0.096050516,0.1,0.121020962,0.1,0.142722976,0.2,,,,,,,,
1988-06-10,0.081312487,0.1,0.118493828,0.1,0.089949425,0.2,,,,,,,,
1988-06-17,0.042988017,0.0,0.059413675,0.1,-0.009888745,0.1,,,,,,,,
1988-06-24,0.00015,-0.1,0.001278916,0.0,-0.062024412,0.1,,,,,,,,
1988-06-30,,,,,,,0.496278934,0.353267128,1.00698359,,0.597016699,,,
1988-07-01,-0.033888974,-0.1,-0.015643106,0.0,-0.042734648,0.0,,,,,,,,
1988-07-08,-0.048913336,0.0,-0.043627762,0.0,-0.015121621,0.0,,,,,,,,
1988-07-15,-0.048169344,0.0,-0.04942802,-0.1,-0.018509465,0.0,,,,,,,,
1988-07-22,-0.05523449,0.1,-0.031156626,0.0,0.116632839,0.0,,,,,,,,
1988-07-29,-0.050608264,0.2,-0.005429119,0.0,0.261654887,0.0,,,,,,,,
1988-07-31,,,,,,,0.493828164,-0.974006211,-0.452008979,,0.178412179,,,
1988-08-05,-0.067950601,0.1,-0.051605416,-0.1,0.205456386,0.0,,,,,,,,
1988-08-12,-0.044066259,0.2,-0.028400406,0.0,0.323326415,0.0,,,,,,,,
1988-08-19,-0.042611152,0.2,-0.024725705,0.0,0.257071143,0.0,,,,,,,,
1988-08-26,-0.059576614,0.0,-0.07039603,-0.1,0.100620711,0.0,,,,,,,,
1988-08-31,,,,,,,0.98040001,2.248961456,-0.44371881,,0.533334598,,,
1988-09-02,-0.056098778,-0.1,-0.052475825,-0.1,-0.056545026,0.0,,,,,,,,
1988-09-09,-0.042020436,-0.1,-0.012922928,0.0,-0.050020352,0.0,,,,,,,,
1988-09-16,-0.035307445,-0.1,-0.01591327,0.0,-0.14809667,0.0,,,,,,,,
1988-09-23,-0.013433464,0.0,0.010882095,0.1,-0.128729805,0.0,,,,,,,,
1988-09-30,-0.005841749,0.0,0.027451795,0.1,-0.082928476,0.1,0.970881413,1.152564568,-1.121054193,,0.265604406,,,
1988-10-07,-0.00925,0.0,0.000792,0.0,0.0105,0.0,,,,,,,,
1988-10-14,0.009835531,0.0,0.022320211,0.0,0.052874528,0.0,,,,,,,,
1988-10-21,0.063403523,0.1,0.063035769,0.1,0.133017411,0.1,,,,,,,,
1988-10-28,0.060534831,0.0,0.0671629,0.0,0.123535549,0.0,,,,,,,,
1988-10-31,,,,,,,0.96154587,0.838325831,-0.265141377,,-0.265604406,,,
1988-11-04,0.097376313,0.0,0.093302554,0.1,0.105100969,0.0,,,,,,,,
1988-11-11,0.122255868,0.0,0.085505102,0.0,0.043100612,0.0,,,,,,,,
1988-11-18,0.064337191,0.0,0.035686697,0.0,0.006564998,0.0,,,,,,,,
1988-11-25,0.075975801,0.0,0.048550966,0.0,0.004096924,0.0,,,,,,,,
1988-11-30,,,,,,,0.477327875,-1.385261374,-1.032235841,,0.794706169,,,
1988-12-02,0.078304533,0.0,0.060892529,0.1,0.035736216,0.0,,,,,,,,
1988-12-09,0.079936364,0.1,0.089453653,0.1,0.111640822,0.1,,,,,,,,
1988-12-16,0.064497943,0.2,0.102531867,0.1,0.181211251,0.0,,,,,,,,
1988-12-23,0.04753735,0.2,0.100951233,0.1,0.105847346,0.1,,,,,,,,
1988-12-30,0.036956921,0.2,0.079612021,0.0,0.124663189,0.0,,,,,,,,
1988-12-31,,,,,,,0.475060276,-0.17532908,0.066454478,,0.846596795,,,
1989-01-06,-0.008634337,0.3,0.030073324,0.0,0.126417376,0.0,,,,,,,,
1989-01-13,-0.028265601,0.1,-0.004925681,0.0,-0.007747089,0.0,,,,,,,,
1989-01-20,-0.049292099,0.0,-0.023381271,0.0,-0.020997826,0.0,,,,,,,,
1989-01-27,-0.049539395,0.0,-0.027796582,0.0,-0.007341322,0.0,,,,,,,,
1989-01-31,,,,,,,0.47281412,0.576606243,-0.441947111,,0.174266672,,,
1989-02-03,-0.028707475,-0.1,0.017915568,0.1,-0.04617221,0.1,,,,,,,,
1989-02-10,0.003780894,-0.1,0.030606353,0.1,-0.045110997,0.1,,,,,,,,
1989-02-17,0.0295,0.0,0.052215589,0.1,-0.000399,0.1,,,,,,,,
1989-02-24,0.056278592,0.0,0.067483093,0.1,0.023785522,0.1,,,,,,,,
1989-02-28,,,,,,,0.470589104,0.617675166,0.064799052,,0.347624916,,,
1989-03-03,0.064297417,0.0,0.035614586,0.0,-0.008282745,0.0,,,,,,,,
1989-03-10,0.042521034,0.0,0.046038927,0.0,0.073111656,0.0,,,,,,,,
1989-03-17,0.143669337,0.1,0.102329049,0.1,0.069370992,0.1,,,,,,,,
1989-03-24,0.112832727,0.0,0.069145921,0.1,0.022693649,0.1,,,,,,,,
1989-03-31,0.226283383,0.0,0.125075188,0.1,0.045375892,0.1,0.468384931,0.706062051,0.070834281,,0.691645408,,,
1989-04-07,0.248198601,0.0,0.095707659,0.1,0.003199996,0.0,,,,,,,,
1989-04-14,0.196008962,0.0,0.014371501,0.0,-0.057354478,0.0,,,,,,,,
1989-04-21,0.162051331,-0.1,0.002604926,0.0,-0.033848835,0.0,,,,,,,,
1989-04-28,0.038564405,-0.1,-0.05045946,-0.1,0.011287897,-0.1,,,,,,,,
1989-04-30,,,,,,,0.466201311,0.509136414,-0.333176668,,0.401261645,,,
1989-05-05,-0.056482699,-0.1,-0.065854838,-0.1,-0.010461478,0.0,,,,,,,,
1989-05-12,-0.031150224,0.0,-0.032115266,0.0,0.014283139,0.0,,,,,,,,
1989-05-19,-0.054380374,0.0,-0.025135952,0.0,0.016066778,0.0,,,,,,,,
1989-05-26,-0.035494638,0.0,-0.014112643,0.0,-0.007854104,0.0,,,,,,,,
1989-05-31,,,,,,,0.464037956,0.083898604,0.484875438,,1.278971534,,,
1989-06-02,-0.02650518,0.0,-0.030673636,-0.1,-0.031311995,0.0,,,,,,,,
1989-06-09,-0.047894451,-0.1,-0.056984843,-0.1,-0.009248879,-0.1,,,,,,,,
1989-06-16,-0.035370211,0.0,-0.023955549,0.0,-0.02193467,0.0,,,,,,,,
1989-06-23,-0.03916346,0.0,-0.021661448,0.0,-0.050625598,0.0,,,,,,,,
1989-06-30,-0.043141734,-0.1,-0.023646607,0.0,-0.050434419,0.0,0.92166551,0.228145721,-0.749508133,,0.169300266,,,
1989-07-07,-0.0233,0.0,0.000871,0.0,-0.0488,0.1,,,,,,,,
1989-07-14,0.015424623,0.0,0.027786166,0.1,-0.02866587,0.1,,,,,,,,
1989-07-21,-0.008968976,0.0,0.02510305,0.0,0.009361956,0.1,,,,,,,,
1989-07-28,0.011001159,0.0,0.044811112,0.1,0.02641279,0.1,,,,,,,,
1989-07-31,,,,,,,0.913248356,0.457237433,1.314584902,,-0.084614305,,,
1989-08-04,0.018252184,0.0,0.045297801,0.1,0.012516781,0.1,,,,,,,,
1989-08-11,0.006377306,0.0,0.062265352,0.1,0.016471731,0.1,,,,,,,,
1989-08-18,-0.010818212,0.0,0.035202984,0.1,-0.031044527,0.0,,,,,,,,
1989-08-25,0.016264944,0.0,0.062586967,0.1,-0.006314989,0.1,,,,,,,,
1989-08-31,,,,,,,1.354422511,0.576649512,-1.47037943,,0.730956305,,,
1989-09-01,0.007967234,0.1,0.075062463,0.1,0.056460116,0.1,,,,,,,,
1989-09-08,-0.029801189,0.1,0.063571122,0.1,-0.004578904,0.1,,,,,,,,
1989-09-15,-0.038061587,0.0,0.050504421,0.1,0.012851584,0.1,,,,,,,,
1989-09-22,-0.055129699,0.0,0.013682283,0.1,-0.023979115,0.1,,,,,,,,
1989-09-29,-0.055708713,0.0,-0.006992354,0.0,-0.055911457,0.0,,,,,,,,
1989-09-30,,,,,,,0.892863074,-0.047041317,-0.188905285,,0.920123597,,,
1989-10-06,-0.02946735,0.0,-0.02875657,0.0,-0.047881853,0.0,,,,,,,,
1989-10-13,-0.022110478,0.0,-0.024724808,0.0,0.014211091,0.0,,,,,,,,
1989-10-20,-0.030598338,0.0,-0.053164904,-0.1,-0.005638662,0.0,,,,,,,,
1989-10-27,-0.045218813,0.0,-0.05513423,-0.1,-0.010831173,0.0,,,,,,,,
1989-10-31,,,,,,,0.884961528,0.751141055,0.364343945,,0.249480379,,,
1989-11-03,-0.055791793,-0.1,-0.052842089,0.0,-0.028408153,0.0,,,,,,,,
1989-11-10,-0.022999535,0.0,-0.011013595,0.0,0.036198726,0.0,,,,,,,,
1989-11-17,-0.027709659,0.0,-0.006881075,0.0,0.027745598,0.0,,,,,,,,
1989-11-24,-0.00837341,0.1,0.014463267,0.0,0.08244679,0.0,,,,,,,,
1989-11-30,,,,,,,0.439561147,0.359819638,-0.132208505,,0.165975142,,,
1989-12-01,0.008627576,0.1,0.012824253,0.0,0.071844927,0.0,,,,,,,,
1989-12-08,-0.023566304,0.0,-0.054623706,-0.1,0.003925144,-0.1,,,,,,,,
1989-12-15,0.0156,0.0,-0.000371,0.0,0.0122,0.0,,,,,,,,
1989-12-22,0.073440909,0.0,0.029868677,0.0,0.001739106,0.0,,,,,,,,
1989-12-29,0.064613612,0.0,0.010936397,0.0,-0.00132351,0.0,,,,,,,,
1989-12-31,,,,,,,0.43763746,0.071898245,-0.442266985,,-0.082953136,,,
1990-01-05,0.065234176,0.0,0.033570465,0.0,0.079024886,0.0,,,,,,,,
1990-01-12,0.06131973,0.0,0.026586605,0.0,0.056737454,0.0,,,,,,,,
1990-01-19,-0.026509469,-0.1,-0.057445213,-0.1,-0.01435298,-0.1,,,,,,,,
1990-01-26,0.011231719,0.0,-0.00468376,0.0,0.050123637,0.0,,,,,,,,
1990-01-31,,,,,,,0.435730537,-0.920795105,-0.239577398,,2.270027735,,,
1990-02-02,0.014125011,0.0,-0.015286104,0.0,-0.010931164,0.0,,,,,,,,
1990-02-09,0.025767833,0.0,0.004182272,0.0,-0.019425842,0.0,,,,,,,,
1990-02-16,0.034838391,0.0,0.026460812,0.0,0.010038409,0.0,,,,,,,,
1990-02-23,0.021138598,0.0,0.011786055,0.0,-0.016453552,0.0,,,,,,,,
1990-02-28,,,,,,,0.865806274,0.72449037,-0.138011471,,0.62003164,,,2.549658276
1990-03-02,0.002308948,0.0,0.005360107,0.0,-0.015368366,0.0,,,,,,,,
1990-03-09,-0.032885814,0.0,-0.01506371,0.0,-0.02870545,0.0,,,,,,,,
1990-03-16,-0.042345155,0.0,-0.031510643,0.0,-0.034948436,0.0,,,,,,,,
1990-03-23,-0.035438705,0.0,-0.018699656,0.0,-0.024107704,0.0,,,,,,,,
1990-03-30,-0.0404,0.0,-0.003596117,0.0,-0.00012,0.1,,,,,,,,
1990-03-31,,,,,,,0.858374369,0.481319931,0.097489232,,1.042650804,,,10.01925939
1990-04-06,-0.038426392,0.0,-0.003338746,0.0,-0.006371172,0.1,,,,,,,,
1990-04-13,-0.020159831,0.0,-0.004726531,0.0,-0.009387329,0.0,,,,,,,,
1990-04-20,-0.051065853,-0.1,-0.075133349,-0.1,-0.078531426,0.0,,,,,,,,
1990-04-27,-0.095984591,-0.1,-0.114511487,-0.1,-0.142723385,-0.1,,,,,,,,
1990-04-30,,,,,,,0.851068967,0.077767822,0.061034123,,1.110828666,,,2.755777793
1990-05-04,-0.034733728,-0.1,-0.076489544,-0.1,-0.10555136,-0.1,,,,,,,,
1990-05-11,-0.096619995,-0.2,-0.117859556,-0.1,-0.126884246,-0.1,,,,,,,,
1990-05-18,-0.08153285,-0.1,-0.06500769,-0.1,-0.08463968,-0.1,,,,,,,,
1990-05-25,-0.014320901,0.0,0.018304751,0.0,0.01012191,0.0,,,,,,,,
1990-05-31,,,,,,,0.843886865,0.242329843,-0.639441211,,1.124635889,,,6.517020529
1990-06-01,-0.007106856,0.1,0.033102187,0.0,0.064358189,0.0,,,,,,,,
1990-06-08,-0.007500784,0.1,0.043825819,0.0,0.058606388,0.0,,,,,,,,
1990-06-15,-0.00662642,0.1,0.029866727,0.0,0.030889303,0.0,,,,,,,,
1990-06-22,-0.046069722,0.0,-0.014206127,0.0,-0.011524972,0.0,,,,,,,,
1990-06-29,-0.095393685,-0.1,-0.077558254,-0.1,-0.074589078,-0.1,,,,,,,,
1990-06-30,,,,,,,0.419287826,0.266733989,-0.32506548,,0.492931339,,,-9.508504147
1990-07-06,-0.076797879,-0.1,-0.090160692,-0.1,-0.107458546,-0.1,,,,,,,,
1990-07-13,-0.091608784,-0.1,-0.113080118,-0.1,-0.116716191,-0.1,,,,,,,,
1990-07-20,-0.06112306,0.0,-0.088272825,-0.1,-0.079068208,-0.1,,,,,,,,
1990-07-27,-0.058730286,0.0,-0.097978199,-0.1,-0.10231055,-0.1,,,,,,,,
1990-07-31,,,,,,,0.417537141,0.600481647,0.347766403,,0.284274646,,,6.088827144
1990-08-03,-0.040173591,0.0,-0.060949035,-0.1,-0.086992677,0.0,,,,,,,,
1990-08-10,-0.032914209,-0.1,-0.057725563,-0.1,-0.121417823,0.0,,,,,,,,
1990-08-17,-0.053987354,-0.1,-0.087230731,-0.1,-0.189989475,-0.1,,,,,,,,
1990-08-24,-0.064500426,-0.2,-0.114469676,-0.1,-0.257387493,-0.1,,,,,,,,
1990-08-31,-0.041020029,-0.1,-0.088099586,-0.1,-0.143078912,-0.1,1.242252,0.099684798,0.509262085,,0.41205312,,,8.942489032
1990-09-07,-0.052156123,-0.1,-0.084349497,-0.1,-0.099105623,-0.1,,,,,,,,
1990-09-14,-0.051824003,-0.1,-0.065837738,-0.1,-0.052548413,-0.1,,,,,,,,
1990-09-21,-0.058146997,0.0,-0.054316601,-0.1,0.002697945,-0.1,,,,,,,,
1990-09-28,-0.034059544,0.0,-0.015755574,0.0,0.017298363,0.0,,,,,,,,
1990-09-30,,,,,,,0.410678195,0.350117434,-1.00682126,,0.589367497,,,5.792074782
1990-10-05,-0.026885478,0.0,0.01064521,0.0,0.005904742,0.0,,,,,,,,
1990-10-12,0.012243444,0.0,0.040359468,0.1,0.056491421,0.0,,,,,,,,
1990-10-19,0.087851133,0.2,0.120245261,0.1,0.152721685,0.1,,,,,,,,
1990-10-26,0.125103946,0.2,0.157681185,0.2,0.203211174,0.2,,,,,,,,
1990-10-31,,,,,,,0.816331064,-0.091488856,0.508729889,,0.280648226,,,-15.56162793
1990-11-02,0.065034775,0.1,0.093238934,0.1,0.143711058,0.1,,,,,,,,
1990-11-09,0.02211997,0.1,0.033831936,0.1,0.085825649,0.1,,,,,,,,
1990-11-16,-0.013438998,0.0,-0.008557963,0.0,0.027507717,0.0,,,,,,,,
1990-11-23,-0.052758165,-0.1,-0.073857093,-0.1,-0.061344551,-0.1,,,,,,,,
1990-11-30,-0.040282931,0.0,-0.05331043,-0.1,-0.043539586,-0.1,0.809721023,0.340793104,-0.075197667,,0.101858934,,,14.19690506
1990-12-07,0.027377121,0.1,0.015187726,0.0,0.055359233,0.0,,,,,,,,
1990-12-14,0.030103649,0.1,0.01005934,0.0,0.027998549,0.0,,,,,,,,
1990-12-21,0.03316416,0.1,0.018205612,0.0,0.022789198,0.0,,,,,,,,
1990-12-28,0.037401506,0.0,0.020106867,0.0,0.014138276,0.0,,,,,,,,
1990-12-31,,,,,,,0.40241503,0.687138099,-0.078215733,,0.583683931,,,-5.515882484
1991-01-04,0.022773252,0.0,-0.020306516,0.0,-0.026839027,0.0,,,,,,,,
1991-01-11,-0.067899404,-0.1,-0.13029991,-0.2,-0.112735396,-0.1,,,,,,,,
1991-01-18,-0.030722533,-0.1,-0.072028808,-0.1,-0.03499793,-0.1,,,,,,,,
1991-01-25,-0.081159289,-0.1,-0.118573995,-0.1,-0.082654993,-0.1,,,,,,,,
1991-01-31,,,,,,,1.197619105,0.879904277,0.689718494,,2.128006199,,,0.788697225
1991-02-01,-0.081203186,-0.1,-0.10764236,-0.1,-0.069973051,-0.1,,,,,,,,
1991-02-08,-0.053710908,-0.1,-0.058459177,0.0,-0.015609097,0.0,,,,,,,,
1991-02-15,-0.018263193,0.0,-0.003147267,0.0,0.044725473,0.0,,,,,,,,
1991-02-22,0.019720007,0.1,0.062788455,0.1,0.121633597,0.1,,,,,,,,
1991-02-28,,,,,,,1.183445765,-0.416870369,-0.464479641,,1.328759708,,,-8.665161319
1991-03-01,0.052334602,0.1,0.095304854,0.1,0.145010555,0.1,,,,,,,,
1991-03-08,0.054125648,0.1,0.124430404,0.2,0.123404289,0.2,,,,,,,,
1991-03-15,0.071163376,0.1,0.1308001,0.2,0.085033898,0.2,,,,,,,,
1991-03-22,0.015595665,0.0,0.054518705,0.1,-0.02286759,0.1,,,,,,,,
1991-03-29,-0.01684221,-0.1,0.012020677,0.0,-0.075980802,0.1,,,,,,,,
1991-03-31,,,,,,,0.391389932,-1.421408401,-0.265738299,,1.214786562,,,10.04414574
1991-04-05,-0.027353053,0.0,-0.012504273,0.0,-0.0619519,0.0,,,,,,,,
1991-04-12,-0.049607341,-0.1,-0.048546839,0.0,-0.093219418,0.0,,,,,,,,
1991-04-19,-0.057026871,-0.1,-0.0583595,0.0,-0.092662859,0.0,,,,,,,,
1991-04-26,-0.040489634,0.0,-0.046733207,0.0,-0.064599286,0.0,,,,,,,,
1991-04-30,,,,,,,0.778214044,1.337197733,-0.094694672,,0.457776971,,,15.12292314
1991-05-03,-0.022312848,0.0,-0.020118155,0.0,-0.052090522,0.0,,,,,,,,
1991-05-10,-0.027501177,0.0,-0.034686627,0.0,-0.062768244,0.0,,,,,,,,
1991-05-17,-0.018845951,0.0,-0.008037515,0.0,-0.043049519,0.0,,,,,,,,
1991-05-24,-0.029049595,0.0,-0.0210034,0.0,-0.074708,0.0,,,,,,,,
1991-05-31,-0.046319264,0.0,-0.047892249,0.0,-0.079909392,0.0,0.772204609,0.103671253,-0.001216525,,0.288046287,,,4.529806254
1991-06-07,-0.063669471,-0.1,-0.056830605,0.0,-0.103141765,-0.1,,,,,,,,
1991-06-14,-0.035077319,0.0,-0.029726984,0.0,-0.081233875,0.0,,,,,,,,
1991-06-21,-0.017663543,-0.1,-0.035209813,0.0,-0.082935315,0.0,,,,,,,,
1991-06-28,0.008541624,0.0,-0.005405635,0.0,-0.033500425,0.0,,,,,,,,
1991-06-30,,,,,,,0.766287275,0.419803693,-0.223577386,,0.621268426,,,-15.22722303
1991-07-05,0.036234248,0.0,0.044970524,0.1,-0.048940082,0.1,,,,,,,,
1991-07-12,0.02394708,0.0,0.06827058,0.1,-0.050804667,0.1,,,,,,,,
1991-07-19,0.019753026,0.1,0.088167216,0.1,-0.010016885,0.1,,,,,,,,
1991-07-26,0.011771036,0.1,0.105911802,0.1,0.064182697,0.2,,,,,,,,
1991-07-31,,,,,,,0.380952842,0.27928685,-1.282870187,,0.641103941,,,3.795530024
1991-08-02,0.019322405,0.2,0.117885693,0.1,0.129191203,0.2,,,,,,,,
1991-08-09,0.031479719,0.2,0.079800886,0.1,0.191238486,0.1,,,,,,,,
1991-08-16,-0.012825082,0.1,0.015530728,0.0,0.088367613,0.0,,,,,,,,
1991-08-23,-0.037777348,0.0,-0.021274004,0.0,0.026607984,0.0,,,,,,,,
1991-08-30,-0.062170591,-0.1,-0.064543526,-0.1,-0.060764916,-0.1,,,,,,,,
1991-08-31,,,,,,,0.757579381,0.586238232,0.903043985,,0.824989947,,,2.51487478
1991-09-06,-0.092921904,-0.2,-0.095179745,-0.1,-0.14148155,-0.1,,,,,,,,
1991-09-13,-0.080676101,-0.1,-0.061767657,0.0,-0.114054527,0.0,,,,,,,,
1991-09-20,-0.040262598,0.0,-0.021617962,0.0,-0.048813311,0.0,,,,,,,,
1991-09-27,-0.027714819,0.0,-0.010075832,0.0,-0.044462652,0.0,,,,,,,,
1991-09-30,,,,,,,1.125715452,0.509583585,0.751478315,,0.538453835,,,1.930294262
1991-10-04,-0.028298708,0.0,0.029251367,0.0,0.013638308,0.0,,,,,,,,
1991-10-11,-0.039640031,0.0,0.004902561,0.0,0.006050535,0.0,,,,,,,,
1991-10-18,-0.055466204,0.0,-0.020202828,0.0,-0.001265509,0.0,,,,,,,,
1991-10-25,-0.0185,0.0,-0.019411795,-0.1,0.000494,0.0,,,,,,,,
1991-10-31,,,,,,,0.743497849,0.178065814,-0.007146638,,0.186610738,,,9.042846292
1991-11-01,0.001845334,-0.1,-0.050864559,-0.1,-0.054871656,-0.1,,,,,,,,
1991-11-08,0.087026906,-0.1,-0.029151973,-0.1,-0.06622146,-0.1,,,,,,,,
1991-11-15,0.098000498,0.0,-0.022540374,-0.1,-0.063416514,-0.1,,,,,,,,
1991-11-22,0.095851536,0.0,-0.032302093,-0.1,-0.087604874,-0.1,,,,,,,,
1991-11-29,0.055213746,0.0,-0.036276343,-0.1,-0.066242745,-0.1,,,,,,,,
1991-11-30,,,,,,,0.73801073,0.296496267,-0.372980974,,0.441809811,,,-3.764050804
1991-12-06,-0.006360096,-0.1,-0.067326026,-0.1,-0.096732703,-0.1,,,,,,,,
1991-12-13,-0.025882629,0.0,-0.048641676,0.0,-0.06747074,0.0,,,,,,,,
1991-12-20,-0.021766742,-0.1,-0.064758132,-0.1,-0.115279054,-0.1,,,,,,,,
1991-12-27,0.014127253,-0.1,-0.050695568,-0.1,-0.138305341,-0.1,,,,,,,,
1991-12-31,,,,,,,0.366972889,0.173636772,-0.072635819,,0.185442798,,,-4.370766272
1992-01-03,0.050480009,-0.1,-0.02246598,0.0,-0.0937727,0.0,,,,,,,,
1992-01-10,0.092928322,0.0,-0.039052882,0.0,-0.141675398,0.0,,,,,,,,
1992-01-17,0.173458348,0.0,-0.003935367,0.0,-0.137451016,0.0,,,,,,,,
1992-01-24,0.215257089,0.1,0.089839433,0.0,-0.001724732,0.0,,,,,,,,
1992-01-31,0.246181842,0.1,0.131536674,0.1,0.058462902,0.1,0.729930248,0.102646436,-0.748586331,,0.715360152,,,7.750271341
1992-02-07,0.220016569,0.1,0.162607635,0.1,0.124405195,0.1,,,,,,,,
1992-02-14,0.130312346,0.1,0.114328867,0.1,0.146128406,0.1,,,,,,,,
1992-02-21,0.030127444,0.0,0.023265326,0.0,0.06095489,0.0,,,,,,,,
1992-02-28,-0.001197796,-0.1,-0.055812136,-0.1,-0.040894294,-0.1,,,,,,,,
1992-02-29,,,,,,,0.0,0.105910037,0.417006338,,0.61891315,,,-24.69307623
1992-03-06,-0.026764923,-0.1,-0.084135356,-0.2,-0.071420224,-0.1,,,,,,,,
1992-03-13,-0.031210232,-0.2,-0.087818692,-0.2,-0.089489267,-0.2,,,,,,,,
1992-03-20,0.008500544,-0.1,-0.044247332,-0.1,-0.087995294,-0.1,,,,,,,,
1992-03-27,0.082196103,-0.1,-0.003670913,-0.1,-0.02123617,-0.1,,,,,,,,
1992-03-31,,,,,,,0.724640852,-0.039538563,-0.563056586,,1.045701732,,,24.70370124
1992-04-03,0.081855449,-0.1,-0.016147175,-0.1,-0.040477972,-0.1,,,,,,,,
1992-04-10,0.051349648,-0.1,-0.052226176,-0.1,-0.052139772,-0.1,,,,,,,,
1992-04-17,0.051336673,-0.1,-0.017309532,0.0,-0.01193984,0.0,,,,,,,,
1992-04-24,0.0391,0.0,-0.00092,0.0,0.0722,0.0,,,,,,,,
1992-04-30,,,,,,,0.36036075,-0.039606881,-0.573261176,,0.608726939,,,0.552976736
1992-05-01,-0.036021055,0.0,0.021840641,0.1,0.087312409,0.0,,,,,,,,
1992-05-08,-0.003564805,0.1,0.037262661,0.1,0.092547559,0.1,,,,,,,,
1992-05-15,0.066185752,0.0,0.031347386,0.0,0.058952956,0.0,,,,,,,,
1992-05-22,0.023019437,0.0,-0.022510901,0.0,0.020416225,-0.1,,,,,,,,
1992-05-29,0.007271975,-0.1,-0.062970153,-0.1,-0.038680933,-0.1,,,,,,,,
1992-05-31,,,,,,,0.359066813,-0.170720754,0.150473768,,0.605043863,,,-1.979353781
1992-06-05,-0.008355423,-0.1,-0.057616638,0.0,-0.050612185,-0.1,,,,,,,,
1992-06-12,-0.067538223,-0.1,-0.051437215,0.0,-0.038437746,-0.1,,,,,,,,
1992-06-19,-0.135436591,0.0,-0.065354065,0.0,-0.050065934,-0.1,,,,,,,,
1992-06-26,-0.153701859,0.0,-0.057309143,0.0,-0.078513831,-0.1,,,,,,,,
1992-06-30,,,,,,,0.714288751,0.109963233,0.072145574,,0.156267472,,,0.393988437
1992-07-03,-0.139078489,0.0,-0.056605444,0.0,-0.060363629,0.0,,,,,,,,
1992-07-10,-0.15741143,0.0,-0.094546781,-0.1,-0.0871797,-0.1,,,,,,,,
1992-07-17,-0.142054201,0.0,-0.104440889,-0.1,-0.086037894,-0.1,,,,,,,,
1992-07-24,-0.076872091,0.0,-0.051611959,0.0,-0.07205478,-0.1,,,,,,,,
1992-07-31,-0.079059402,0.0,-0.066825018,0.0,-0.086315328,-0.1,0.35524016,0.220248112,-0.617109001,,0.445137615,,,0.016027232
1992-08-07,-0.089174054,-0.1,-0.079848207,0.0,-0.130205393,-0.1,,,,,,,,
1992-08-14,-0.11066022,-0.1,-0.088344608,-0.1,-0.17135921,-0.2,,,,,,,,
1992-08-21,-0.163387015,-0.2,-0.142911903,-0.1,-0.220804768,-0.3,,,,,,,,
1992-08-28,-0.011973218,-0.1,-0.017057737,0.0,-0.039262953,-0.2,,,,,,,,
1992-08-31,,,,,,,0.353982671,0.13565617,-0.56109904,,0.15533122,,,-1.085786997
1992-09-04,0.041924068,0.0,0.050411856,0.0,0.032728423,0.0,,,,,,,,
1992-09-11,0.085898349,0.1,0.108524375,0.1,0.135391304,0.1,,,,,,,,
1992-09-18,0.136952377,0.1,0.133378132,0.1,0.168213929,0.1,,,,,,,,
1992-09-25,0.092785606,0.1,0.087693497,0.1,0.121327856,0.1,,,,,,,,
1992-09-30,,,,,,,0.0,-0.064152261,0.80136329,,0.35413937,,,-4.183029051
1992-10-02,-0.038563461,0.0,-0.021848566,0.0,-0.01778211,0.0,,,,,,,,
1992-10-09,-0.029763522,-0.1,-0.032050601,0.0,-0.039585647,-0.1,,,,,,,,
1992-10-16,0.010095346,-0.1,-0.024356987,0.0,-0.048098613,-0.1,,,,,,,,
1992-10-23,0.02984122,0.0,0.068841801,0.1,0.080970978,0.1,,,,,,,,
1992-10-30,0.057032234,0.1,0.117541849,0.1,0.132687307,0.1,,,,,,,,
1992-10-31,,,,,,,0.352734052,0.357278331,0.015350385,,-0.088417336,,,10.77898395
1992-11-06,0.075593863,0.1,0.120213114,0.1,0.236143153,0.1,,,,,,,,
1992-11-13,0.059247251,0.2,0.13052411,0.1,0.277065978,0.2,,,,,,,,
1992-11-20,0.012925143,0.1,0.059002766,0.0,0.197061309,0.0,,,,,,,,
1992-11-27,0.000988,0.1,0.027769413,0.0,0.195981299,0.0,,,,,,,,
1992-11-30,,,,,,,0.351494211,0.037594714,0.058739965,,-0.5099224,,,-15.13915386
1992-12-04,0.008852636,0.1,0.011444885,0.0,0.099713737,0.1,,,,,,,,
1992-12-11,-0.014043451,0.0,-0.003279804,0.0,0.072872712,0.0,,,,,,,,
1992-12-18,0.009696138,0.1,0.030615344,0.0,0.111207935,0.1,,,,,,,,
1992-12-25,0.063160281,0.1,0.080788174,0.1,0.152883588,0.2,,,,,,,,
1992-12-31,,,,,,,0.350263055,-0.410010783,-2.060535773,,0.244200366,,,11.81704132
1993-01-01,0.056942137,0.1,0.068516001,0.1,0.134212323,0.1,,,,,,,,
1993-01-08,0.108095847,0.2,0.120475534,0.1,0.174736437,0.2,,,,,,,,
1993-01-15,0.119542025,0.2,0.106155352,0.1,0.081613326,0.1,,,,,,,,
1993-01-22,0.098607537,0.1,0.090333046,0.1,0.063868932,0.1,,,,,,,,
1993-01-29,0.0769,0.0,0.046671426,0.1,-0.0005,0.1,,,,,,,,
1993-01-31,,,,,,,0.349040494,0.179245542,1.881311466,,0.773057411,,,-15.36938367
1993-02-05,0.071804187,0.0,0.014867346,0.0,-0.015062318,0.0,,,,,,,,
1993-02-12,0.0433,0.0,-0.006826228,0.0,0.000502,0.0,,,,,,,,
1993-02-19,0.005810115,-0.1,-0.057456816,-0.1,-0.036176526,-0.1,,,,,,,,
1993-02-26,-0.037714496,-0.1,-0.072716044,-0.1,-0.065560387,-0.1,,,,,,,,
1993-02-28,,,,,,,0.347826438,-0.38799087,0.27545276,,0.679752645,,,0.428501305
1993-03-05,-0.110163775,-0.1,-0.114627554,-0.1,-0.116652644,-0.1,,,,,,,,
1993-03-12,-0.111146708,-0.1,-0.100223831,-0.1,-0.065664857,-0.1,,,,,,,,
1993-03-19,-0.056169681,0.0,-0.016992585,0.0,-0.003574973,0.0,,,,,,,,
1993-03-26,-0.036701961,0.0,0.001891766,0.0,0.020174914,0.0,,,,,,,,
1993-03-31,,,,,,,0.346620798,0.131181043,0.467311303,,1.237935236,,,9.298856962
1993-04-02,0.016266828,0.1,0.086357624,0.1,0.083397667,0.1,,,,,,,,
1993-04-09,0.048153437,0.1,0.125423129,0.2,0.130711212,0.2,,,,,,,,
1993-04-16,0.030927881,0.1,0.115174799,0.1,0.037239497,0.1,,,,,,,,
1993-04-23,0.03293802,0.1,0.13132513,0.2,0.046308569,0.1,,,,,,,,
1993-04-30,0.055082134,0.1,0.101736531,0.1,0.025689308,0.1,0.345423487,-0.061463108,0.170383732,,0.58108417,,,6.123750732
1993-05-07,0.041494019,0.0,0.054354642,0.1,-0.023063241,0.1,,,,,,,,
1993-05-14,0.039813483,0.0,0.051139018,0.1,-0.00243806,0.1,,,,,,,,
1993-05-21,0.0484699,0.1,0.051749735,0.1,0.036571183,0.1,,,,,,,,
1993-05-28,0.043290992,0.1,0.050781505,0.0,0.035829299,0.1,,,,,,,,
1993-05-31,,,,,,,0.687287929,0.761460069,0.08631213,,0.342759547,,,-14.18561816
1993-06-04,0.051422042,0.1,0.087272619,0.1,0.108994177,0.1,,,,,,,,
1993-06-11,0.087974113,0.2,0.101356645,0.1,0.097698056,0.2,,,,,,,,
1993-06-18,0.099937187,0.1,0.079806568,0.1,0.063535473,0.1,,,,,,,,
1993-06-25,0.120085276,0.1,0.056548559,0.0,0.030078499,0.1,,,,,,,,
1993-06-30,,,,,,,1.022155407,0.219477881,-0.679227915,,0.490667651,,,9.78304707
1993-07-02,0.0798,0.0,0.015226619,0.0,0.000188,0.0,,,,,,,,
1993-07-09,0.085475678,0.0,0.02403433,0.0,0.040264068,0.0,,,,,,,,
1993-07-16,0.070235359,0.0,0.001048311,0.0,0.024167502,0.0,,,,,,,,
1993-07-23,0.020431263,0.0,-0.023977889,0.0,0.001964213,0.0,,,,,,,,
1993-07-30,0.013088007,0.0,-0.024711269,0.0,-0.010012811,0.0,,,,,,,,
1993-07-31,,,,,,,0.675678246,0.478143254,0.075717173,,-0.085160746,,,-0.055964902
1993-08-06,-0.028328983,0.0,-0.049097458,-0.1,-0.058757126,0.0,,,,,,,,
1993-08-13,-0.117245953,-0.1,-0.103219788,-0.1,-0.09784632,-0.1,,,,,,,,
1993-08-20,-0.112375187,-0.1,-0.051466082,0.0,-0.029083659,0.0,,,,,,,,
1993-08-27,-0.145232306,-0.1,-0.094468176,-0.1,-0.05350466,-0.1,,,,,,,,
1993-08-31,,,,,,,0.671143459,0.248230688,2.008315348,,0.318979537,,,7.338015245
1993-09-03,-0.138063885,-0.1,-0.089234912,-0.1,-0.055024819,-0.1,,,,,,,,
1993-09-10,-0.055784886,0.0,-0.026071347,0.0,-0.013743093,0.0,,,,,,,,
1993-09-17,-0.039793253,-0.1,-0.029754443,0.0,-0.050186743,0.0,,,,,,,,
1993-09-24,-0.003030747,0.0,0.004624901,0.0,-0.018743885,0.0,,,,,,,,
1993-09-30,,,,,,,0.666669136,0.470519135,-1.400771783,,0.48713429,,,4.395157736
1993-10-01,0.052050297,0.0,0.061431752,0.0,0.040232491,0.1,,,,,,,,
1993-10-08,0.062358352,0.0,0.049781889,0.0,0.031427233,0.0,,,,,,,,
1993-10-15,0.077825673,0.062409199,0.066246764,0.063311765,0.049454071,0.047996224,,,,,,,,
1993-10-22,0.113283824,0.047633797,0.065786387,0.069448925,0.044385785,0.035356686,,,,,,,,
1993-10-29,0.143285938,0.04678322,0.065122527,0.067557072,0.0251294,0.008689236,,,,,,,,
1993-10-31,,,,,,,0.662254076,-0.415164505,-1.250647495,,0.421674671,,,-3.518293189
1993-11-05,0.125942836,0.06320383,0.088937553,0.116640407,0.049522246,0.018999069,,,,,,,,
1993-11-12,0.146151989,0.105889985,0.11887596,0.14862046,0.086899478,0.06081248,,,,,,,,
1993-11-19,0.251344241,0.156777469,0.162284794,0.139141361,0.148692595,0.061677469,,,,,,,,
1993-11-26,0.13716101,0.097240708,0.096260037,0.085584714,0.082939957,0.048800795,,,,,,,,
1993-11-30,,,,,,,0.985229644,0.738297465,-0.047933792,,-0.168456557,,,3.30215612
1993-12-03,0.073421322,0.068402976,0.081697292,0.095795722,0.058140562,0.043483242,,,,,,,,
1993-12-10,0.053333056,0.072669537,0.105912365,0.129165174,0.049645787,0.065446553,,,,,,,,
1993-12-17,-0.02782919,-0.011355168,0.059926155,0.102273592,-0.038957785,-0.031633518,,,,,,,,
1993-12-24,-0.100968874,-0.01706782,0.050089868,0.075668337,0.011698897,-0.008136754,,,,,,,,
1993-12-31,-0.072794947,0.03916474,0.061158118,0.06320844,0.057359285,0.014046071,0.651468102,0.81561733,0.23413145,,0.567407217,,,-3.590041728
1994-01-07,0.002009668,0.100189342,0.066789991,0.042319648,0.080995087,0.055512522,,,,,,,,
1994-01-14,-0.012357088,0.055500945,0.030240238,-0.001198848,0.032967561,-0.010834635,,,,,,,,
1994-01-21,-0.053946738,0.117208865,0.003197975,-0.025915821,0.080937807,0.021203533,,,,,,,,
1994-01-28,0.013252305,0.129639482,0.045681125,0.059401623,0.112599811,-0.007627049,,,,,,,,
1994-01-31,,,,,,,0.969312921,0.580750798,-0.48656664,,1.290877805,,,-0.675391388
1994-02-04,0.02808429,0.104240544,0.055983483,0.047372037,0.124284332,-0.074046439,,,,,,,,
1994-02-11,-0.055258402,0.022457415,-0.016613034,-0.017900904,0.08697703,-0.104820837,,,,,,,,
1994-02-18,-0.009381218,0.001255251,0.002791974,0.020571185,0.049948894,-0.105775153,,,,,,,,
1994-02-25,-0.021355797,-0.067639068,-0.013501127,0.013192288,-0.01640637,-0.126769913,,,,,,,,
1994-02-28,,,,,,,0.641027836,0.819970355,0.026204299,,1.090433601,,,-13.48575567
1994-03-04,-0.079314312,-0.11891988,-0.068201679,-0.026871628,-0.08916574,-0.127257406,,,,,,,,
1994-03-11,-0.032424369,-0.105793463,-0.040686053,0.01908765,-0.085489562,-0.109059119,,,,,,,,
1994-03-18,0.025472597,-0.064197063,-0.023757385,0.008792641,-0.038896959,-0.022387426,,,,,,,,
1994-03-25,0.018800062,-0.046499362,-0.032359612,-0.014079009,-0.034801241,0.032094717,,,,,,,,
1994-03-31,,,,,,,0.318979537,-1.077535813,0.503886843,,0.876036977,,,30.86437503
1994-04-01,0.058453456,-0.036205593,-0.029513422,-0.034367901,-0.046168993,0.070190645,,,,,,,,
1994-04-08,0.059104578,-0.018874944,-0.016655541,-0.037511296,-0.014823483,0.058173576,,,,,,,,
1994-04-15,0.052335342,0.013558934,0.008983688,-0.007936372,-0.002294881,0.064346552,,,,,,,,
1994-04-22,0.025547636,0.001878607,0.00918432,0.014284482,0.007559535,-0.024270932,,,,,,,,
1994-04-29,0.042538776,-0.016723158,0.043512517,0.08189419,0.040269758,-0.065934839,,,,,,,,
1994-04-30,,,,,,,0.950878797,0.154081672,0.186912262,,0.141887122,,,-1.528214265
1994-05-06,0.026467321,0.035793187,0.085497867,0.161171144,0.068526502,-0.011988466,,,,,,,,
1994-05-13,0.015928949,0.050543736,0.097363973,0.18424485,0.097938956,0.083635185,,,,,,,,
1994-05-20,0.024522494,0.014843186,0.091834572,0.192318696,0.060527483,0.099409797,,,,,,,,
1994-05-27,0.05138826,0.039914896,0.096470337,0.159321265,0.047026639,0.153222837,,,,,,,,
1994-05-31,,,,,,,0.628932891,-0.272924161,-1.040539389,,0.080988059,,,3.883955045
1994-06-03,0.039047249,0.036069046,0.053480011,0.076476929,0.042192077,0.129779142,,,,,,,,
1994-06-10,0.056544946,-0.028567242,0.009242393,-0.0040263,0.004305755,0.057894747,,,,,,,,
1994-06-17,0.026627781,-0.048877429,-0.023252027,-0.039402977,-0.019752413,0.004197062,,,,,,,,
1994-06-24,0.034710402,-0.010104166,-0.03000178,-0.074657385,0.015309531,0.006340024,,,,,,,,
1994-06-30,,,,,,,0.625002035,0.733497579,0.697660807,,0.705861557,,,-3.07696945
1994-07-01,0.040520865,-0.006660999,-0.019182856,-0.046328087,0.062808139,-0.008697314,,,,,,,,
1994-07-08,0.107489945,0.020510455,0.027160774,-0.001290137,0.070989013,0.024557288,,,,,,,,
1994-07-15,0.102420595,0.031530302,0.041418634,0.018017123,0.072249062,0.03023149,,,,,,,,
1994-07-22,0.118219491,-0.001648926,0.038424579,0.011695829,0.038202979,0.024675353,,,,,,,,
1994-07-29,0.057335818,-0.04129781,0.036660575,0.031783694,-0.020483659,-0.013826505,,,,,,,,
1994-07-31,,,,,,,0.930239266,0.046903961,1.645533262,,0.840509251,,,0.903120228
1994-08-05,-0.018229269,-0.072037294,0.01229953,0.018840206,-0.087328839,-0.056046163,,,,,,,,
1994-08-12,-0.035643349,-0.065072997,0.005555322,0.019595159,-0.081982046,-0.031353667,,,,,,,,
1994-08-19,-0.05992047,-0.095634149,0.012009479,0.05846652,-0.085024832,-0.030682864,,,,,,,,
1994-08-26,-0.042311088,-0.062673461,0.036609208,0.095607181,-0.049734008,0.025037467,,,,,,,,
1994-08-31,,,,,,,0.615386557,0.342387308,-1.241859985,,0.774197415,,,9.955943184
1994-09-02,-0.002990243,-0.077317768,0.042248724,0.098940987,-0.013017663,0.076018365,,,,,,,,
1994-09-09,-0.006116162,-0.044013112,0.056450741,0.138125227,0.022773662,0.03756612,,,,,,,,
1994-09-16,-0.018875336,-0.06588788,0.05963995,0.165768963,0.002308085,0.024059363,,,,,,,,
1994-09-23,-0.019395085,-0.005059382,0.054995397,0.123240291,0.030703434,0.030815688,,,,,,,,
1994-09-30,0.019237118,0.04441743,0.063449446,0.068439496,0.084319401,0.052426623,0.306278953,0.155503886,-0.466704573,,-0.3168947,,,-1.139074559
1994-10-07,0.063535431,0.087840499,0.065442348,0.048873765,0.095669315,0.047819531,,,,,,,,
1994-10-14,0.124829257,0.131889291,0.088443538,0.045504593,0.130865753,0.121371263,,,,,,,,
1994-10-21,0.212510317,0.121242059,0.078382047,0.033948528,0.166976059,0.060100241,,,,,,,,
1994-10-28,0.204195481,0.06158987,0.05969123,0.040961853,0.068602501,-0.037590024,,,,,,,,
1994-10-31,,,,,,,0.913248356,-0.067253245,-0.020470901,,-0.298003598,,,-0.274770457
1994-11-04,0.244159729,0.033497682,0.07532443,0.068527681,0.05063167,-0.001020978,,,,,,,,
1994-11-11,0.179056783,0.009335253,0.045506011,0.055493716,0.039426363,-0.054769835,,,,,,,,
1994-11-18,0.17185527,-0.008730723,0.023739185,0.010932588,-0.001704721,-0.056424761,,,,,,,,
1994-11-25,0.076043114,-0.020844635,-0.012092778,-0.032120096,-0.021640846,-0.053501285,,,,,,,,
1994-11-30,,,,,,,0.904983552,0.301032686,0.421894755,,0.159045759,,,7.282715049
1994-12-02,0.061950953,-0.02798036,-0.025096549,-0.041199382,0.013458688,-0.079186995,,,,,,,,
1994-12-09,0.024703466,-0.029319153,-0.074041051,-0.115363401,0.019864348,-0.085019426,,,,,,,,
1994-12-16,-0.026342053,-0.030225464,-0.072796973,-0.10967016,0.00373054,-0.090491789,,,,,,,,
1994-12-23,0.029249664,0.006830944,-0.037626052,-0.079952432,0.026314799,-0.073914029,,,,,,,,
1994-12-30,0.013115053,0.034489064,-0.032471404,-0.068505319,0.03314728,-0.029256371,,,,,,,,
1994-12-31,,,,,,,0.896866998,0.387823648,0.013138474,,0.079428122,,,2.920137815
1995-01-06,-0.004546474,0.037611568,-0.061580033,-0.109562564,0.038427084,-0.040346532,,,,,,,,
1995-01-13,0.0129,0.05899164,-0.047819104,-0.08277734,-0.000341,-0.039921206,,,,,,,,
1995-01-20,0.012983189,0.008521394,-0.046968017,-0.06666731,-0.025638653,-0.049514598,,,,,,,,
1995-01-27,-0.119329816,-0.095384101,-0.126664887,-0.102600356,-0.129013637,-0.163226969,,,,,,,,
1995-01-31,,,,,,,0.593473552,1.025356446,0.476560612,,0.928585157,,,-3.480506194
1995-02-03,-0.051240293,-0.061078325,-0.057052844,-0.022165657,-0.08482195,-0.124056312,,,,,,,,
1995-02-10,-0.009198425,-0.083522312,-0.012869073,0.034299925,-0.073199577,-0.105040578,,,,,,,,
1995-02-17,-0.03949789,-0.142393165,-0.059851889,-0.026963059,-0.108800418,-0.145528791,,,,,,,,
1995-02-24,-0.047325613,-0.120970285,-0.049741501,-0.008137211,-0.104790275,-0.082515888,,,,,,,,
1995-02-28,,,,,,,0.589972213,0.864267398,0.042204692,-1.919444726,0.412128932,,-6.17773597,-1.402867566
1995-03-03,-0.032758744,-0.083134237,-0.013612895,0.03290329,-0.067280788,-0.037145846,,,,,,,,
1995-03-10,-0.033715999,-0.036614265,0.004976,0.032957121,-0.062431011,0.078009227,,,,,,,,
1995-03-17,-0.065505708,-0.050078955,0.029094465,0.123555199,-0.11103978,0.105297457,,,,,,,,
1995-03-24,-0.055092763,-0.007143134,0.071912614,0.176219812,-0.043829988,0.046841416,,,,,,,,
1995-03-31,0.001792404,-0.017961125,0.059037863,0.13006478,-0.044666587,-0.021413342,0.878482956,-0.850696363,-0.715988937,0.772204609,0.993869625,0.854706058,0.732604009,20.9003338
1995-04-07,-0.050547475,-0.085370577,0.005480959,0.085200485,-0.100660621,-0.091750959,,,,,,,,
1995-04-14,-0.064686239,-0.102793128,-0.038673299,0.014647663,-0.096233562,-0.178086748,,,,,,,,
1995-04-21,-0.051936261,-0.084103604,-0.029440612,0.042027448,-0.130753397,-0.188499243,,,,,,,,
1995-04-28,-0.07664177,-0.10175651,-0.051891901,0.008250833,-0.120131648,-0.095683457,,,,,,,,
1995-04-30,,,,,,,0.581396987,-0.036028976,0.030096247,2.656702738,0.618598532,-6.368781926,3.114024074,-1.635274613
1995-05-05,-0.059890483,-0.052463249,-0.018180916,0.030471751,-0.060477052,-0.026069488,,,,,,,,
1995-05-12,-0.06439675,-0.064696979,-0.042999784,-0.015007607,-0.085029195,-0.034727665,,,,,,,,
1995-05-19,-0.102418014,-0.057332192,-0.067623271,-0.055797035,-0.060172978,0.014952646,,,,,,,,
1995-05-26,-0.109230108,-0.052313608,-0.09569785,-0.122330357,-0.050397858,0.01552676,,,,,,,,
1995-05-31,,,,,,,0.578036292,0.314149957,-0.021863961,-7.786032177,0.192529902,-3.695570652,-4.092026979,13.97981827
1995-06-02,-0.030121789,0.022096257,-0.029467575,-0.039098572,0.017733122,0.022892873,,,,,,,,
1995-06-09,-0.04045073,0.014109444,-0.026409233,-0.008858707,0.012951919,-0.011470967,,,,,,,,
1995-06-16,-0.006909719,0.019700942,0.004854089,0.012494425,0.024871012,-0.001642382,,,,,,,,
1995-06-23,0.03985047,0.017624412,0.025860126,0.033994937,0.031443467,-0.038243514,,,,,,,,
1995-06-30,0.042882719,0.003482107,0.034313099,0.057449428,0.038575455,-0.047718955,0.860837454,0.139213224,0.460019058,1.60646025,-0.288934035,-0.945633524,1.946533479,-3.805114186
1995-07-07,0.069665308,0.0411,0.063929895,0.083572707,0.039886906,0.000273,,,,,,,,
1995-07-14,0.058633343,0.118950623,0.073371861,0.125092924,0.108360962,0.059654537,,,,,,,,
1995-07-21,0.074064601,0.12442458,0.077739535,0.123341863,0.161126255,0.042530185,,,,,,,,
1995-07-28,0.031003256,0.084118743,0.042537081,0.088576954,0.083658234,0.020477799,,,,,,,,
1995-07-31,,,,,,,0.569802111,0.365867855,1.921581289,6.179571927,0.288934035,3.500940967,1.672679381,3.999467088
1995-08-04,-0.0237855,0.041379405,-0.027963751,-0.017880942,0.049721688,-0.005348,,,,,,,,
1995-08-11,-0.076404655,-0.009113228,-0.091660004,-0.093241722,0.0556939,-0.061327786,,,,,,,,
1995-08-18,-0.108193336,-0.070601514,-0.104076074,-0.10194443,-0.004198195,-0.088060717,,,,,,,,
1995-08-25,-0.093286908,-0.006251683,-0.067017242,-0.044675139,0.041049308,-0.017754985,,,,,,,,
1995-08-31,,,,,,,0.848661388,0.201466878,-2.110371862,-3.428907348,0.594497868,-0.459770925,-1.432005377,3.921245594
1995-09-01,-0.085127257,0.001843373,-0.039580117,0.00379336,0.042160453,-0.009088133,,,,,,,,
1995-09-08,-0.040127586,0.031018466,0.042713347,0.116239618,0.039781841,0.052996706,,,,,,,,
1995-09-15,0.028101763,0.083409938,0.105336189,0.166109165,0.060634153,0.163878559,,,,,,,,
1995-09-22,0.082811312,0.082996174,0.110446964,0.15979591,0.055437832,0.104398083,,,,,,,,
1995-09-29,0.062856721,0.071076754,0.089005852,0.134689778,0.041976896,0.07091137,,,,,,,,
1995-09-30,,,,,,,0.841519693,-0.012607284,-2.508648357,2.298951822,0.894647635,1.600034135,2.140390866,1.050343032
1995-10-06,0.093026611,0.073284226,0.085391348,0.120620207,0.048255486,0.055386317,,,,,,,,
1995-10-13,0.086706006,0.04434331,0.054932186,0.060197429,0.029174374,0.007017991,,,,,,,,
1995-10-20,0.024272355,-0.009032087,0.011344161,0.041609249,-0.020577683,-0.049575657,,,,,,,,
1995-10-27,0.021604172,-0.008581471,0.02308471,0.054946576,-0.01778817,-0.005133205,,,,,,,,
1995-10-31,,,,,,,0.557104505,0.412721439,2.338064117,1.129955525,-0.493921977,-0.911168035,1.401892118,4.772994749
1995-11-03,0.000453,-0.055899591,0.003143278,0.034601842,-0.041011507,-0.041179743,,,,,,,,
1995-11-10,-0.052511549,-0.093100541,-0.046929471,-0.022305232,-0.086552512,-0.070904831,,,,,,,,
1995-11-17,-0.059448867,-0.106494129,-0.064648965,-0.069428778,-0.083392266,-0.101716341,,,,,,,,
1995-11-24,-0.04925268,-0.096293424,-0.069601578,-0.078866954,-0.084165992,-0.082685556,,,,,,,,
1995-11-30,,,,,,,0.829880281,0.202639634,0.144342824,-2.656702738,-0.190621484,4.255961442,0.923794098,-7.136356015
1995-12-01,-0.036070435,-0.084806603,-0.082603701,-0.113094403,-0.071607663,-0.067789334,,,,,,,,
1995-12-08,0.003321008,-0.038748877,-0.031148856,-0.01735885,-0.034417948,-0.017492945,,,,,,,,
1995-12-15,-0.017809968,-0.076859378,-0.083595853,-0.103899119,-0.079452705,-0.05865815,,,,,,,,
1995-12-22,-0.034330214,-0.083425534,-0.075646435,-0.077310166,-0.068545,-0.05972625,,,,,,,,
1995-12-29,-0.057975979,-0.096059817,-0.070822812,-0.048717489,-0.091634391,-0.069933951,,,,,,,,
1995-12-31,,,,,,,0.823049914,-0.036773288,-0.108923434,14.31008436,0.68454346,4.711792298,5.370417897,-2.880558663
1996-01-05,-0.087646,-0.158071338,-0.113241961,-0.073309821,-0.120563542,-0.121035157,,,,,,,,
1996-01-12,-0.054878547,-0.076971812,-0.056858336,-0.034833572,-0.049015644,-0.068575776,,,,,,,,
1996-01-19,-0.046221707,-0.069562293,-0.048139215,-0.014265532,-0.058379216,-0.056122395,,,,,,,,
1996-01-26,-0.01679317,-0.017811705,-0.012890989,0.017001315,-0.032990543,-0.005664916,,,,,,,,
1996-01-31,,,,,,,0.816331064,0.304174849,-0.012009855,-7.616136097,0.980584889,4.499736593,1.941808586,9.848228261
1996-02-02,0.009506016,0.019197512,0.006741797,0.014776653,-0.005285297,-0.012930961,,,,,,,,
1996-02-09,-0.034813476,0.013862208,-0.004895071,-0.019423706,0.003640814,-0.017231603,,,,,,,,
1996-02-16,-0.048171483,0.011319037,-0.013225843,-0.003696409,0.00556889,-0.024238404,,,,,,,,
1996-02-23,-0.05223027,0.002555623,-0.013195302,0.01605911,0.033797112,-0.044517465,,,,,,,,
1996-02-29,,,,,,,0.809721023,0.859815523,-0.328775283,-0.722024797,0.393295759,-0.601807233,-0.643089033,4.017130604
1996-03-01,-0.082987107,-0.069634093,-0.060071305,-0.070097262,0.031925265,-0.065274018,,,,,,,,
1996-03-08,-0.082311179,-0.062809924,-0.054563413,-0.049330657,0.002814957,-0.051733824,,,,,,,,
1996-03-15,-0.030146809,-0.040242558,-0.042502755,-0.099786263,-0.006355776,-0.018262014,,,,,,,,
1996-03-22,0.01251697,-0.027551255,-0.005977199,-0.058311408,-0.033800072,-0.018603199,,,,,,,,
1996-03-29,0.007540267,-0.008573308,-0.005703126,-0.066568612,-0.035567286,-0.007806592,,,,,,,,
1996-03-31,,,,,,,0.536194314,-0.980598495,0.286822101,1.438873745,0.670643348,2.189142148,0.643089033,7.671909659
1996-04-05,0.073699594,0.070326812,0.030230113,-0.058245855,0.026431931,0.03764499,,,,,,,,
1996-04-12,0.084194995,0.060381088,0.042870757,-0.008321118,0.051815951,0.043086802,,,,,,,,
1996-04-19,0.138524007,0.120108088,0.105913015,0.12216261,0.121734624,0.133946297,,,,,,,,
1996-04-26,0.173937052,0.110798017,0.122326817,0.152243212,0.12227206,0.120380105,,,,,,,,
1996-04-30,,,,,,,0.533334598,0.411043914,0.03667842,0.711746777,0.684617347,-4.427282368,1.484650812,6.715036669
1996-05-03,0.163270151,0.104853772,0.106907443,0.140701929,0.106109205,0.130628143,,,,,,,,
1996-05-10,0.207564583,0.093180897,0.10054045,0.114666376,0.103359893,0.101817359,,,,,,,,
1996-05-17,0.116832848,0.0275,0.015943251,-0.000916,0.037301139,-0.0275,,,,,,,,
1996-05-24,0.096989256,-0.039280413,-0.071803379,-0.161650529,0.013618815,-0.080631685,,,,,,,,
1996-05-31,0.022987127,-0.049900294,-0.095821048,-0.214919143,0.010878937,-0.06233651,0.794706169,0.281666959,-0.109302163,6.520319381,0.570011656,1.023550389,-1.698554637,7.740443159
1996-06-07,0.018988557,-0.066601443,-0.084022375,-0.180681651,-0.011580719,-0.073234526,,,,,,,,
1996-06-14,-0.063898375,-0.118772781,-0.104517466,-0.162862193,-0.097349317,-0.103817574,,,,,,,,
1996-06-21,-0.032653468,-0.097066561,-0.063569983,-0.113035086,-0.080880289,-0.050451454,,,,,,,,
1996-06-28,-0.117698993,-0.132727847,-0.096948829,-0.097179172,-0.156013139,-0.118686337,,,,,,,,
1996-06-30,,,,,,,0.526317004,0.13813174,-0.201129763,-1.675081042,0.0,-9.612517577,0.213903825,2.020605756
1996-07-05,-0.076420136,-0.100184496,-0.062487149,-0.031558402,-0.093959552,-0.11113495,,,,,,,,
1996-07-12,-0.053576006,-0.097275642,-0.052558833,-0.037180963,-0.085625698,-0.086379945,,,,,,,,
1996-07-19,-0.029161922,-0.080426179,-0.034061388,0.012797079,-0.030270193,-0.09332523,,,,,,,,
1996-07-26,0.046355253,-0.066446593,-0.013198987,0.007509117,-0.027181749,-0.07904069,,,,,,,,
1996-07-31,,,,,,,0.262123348,0.3084943,0.414698819,-4.491255668,0.475581654,19.49470494,1.062709257,-21.08522572
1996-08-02,0.096246546,-0.055957627,0.015401019,0.019720067,-0.011788087,-0.030530306,,,,,,,,
1996-08-09,0.052278282,-0.039116712,0.010091103,0.018772297,-0.020168929,-0.050879242,,,,,,,,
1996-08-16,0.010348122,-0.027563296,-0.008390732,-0.007655331,-0.037948151,-0.008988775,,,,,,,,
1996-08-23,-0.03248224,-0.0454,-0.032484707,-0.051619882,-0.098259839,-0.000927,,,,,,,,
1996-08-30,-0.088497965,-0.0371,-0.045853343,-0.069914007,-0.070487515,0.000636,,,,,,,,
1996-08-31,,,,,,,0.261438057,0.141825917,-0.048186033,-0.353982671,0.473330576,-1.674457727,-4.099819045,11.34194453
1996-09-06,-0.062885758,-0.066967682,-0.076740483,-0.116654016,-0.08627574,-0.027923007,,,,,,,,
1996-09-13,-0.008350404,-0.063781031,-0.05495809,-0.134358543,-0.102283818,0.047679773,,,,,,,,
1996-09-20,0.013529239,-0.109556685,-0.055176689,-0.125198682,-0.131620087,0.025332032,,,,,,,,
1996-09-27,0.059125582,-0.039958916,0.004306126,-0.018768356,-0.059147992,0.084493427,,,,,,,,
1996-09-30,,,,,,,0.520834511,0.331833172,-0.450108917,-0.711746777,0.181455321,-6.391332574,3.676089598,-5.644313844
1996-10-04,0.081031153,-0.015427461,0.022102858,0.011646622,-0.063465089,0.096875969,,,,,,,,
1996-10-11,0.110893454,0.077593075,0.108495089,0.119730272,0.04369177,0.158344716,,,,,,,,
1996-10-18,0.105772531,0.128482322,0.105323973,0.110185377,0.080822579,0.130554263,,,,,,,,
1996-10-25,0.073728705,0.080750145,0.061018072,0.036122079,0.035400187,0.074197463,,,,,,,,
1996-10-31,,,,,,,0.518135874,0.009352992,-0.62885796,0.711746777,0.0,4.879016417,2.929079692,13.55672461
1996-11-01,0.022495681,0.035095621,0.009642111,-0.026802492,0.009833203,0.029159863,,,,,,,,
1996-11-08,-0.091226595,-0.060506109,-0.08086194,-0.095397523,-0.081730955,-0.069817295,,,,,,,,
1996-11-15,-0.106061081,-0.107281652,-0.098953576,-0.09145708,-0.109823817,-0.082110195,,,,,,,,
1996-11-22,-0.106784888,-0.120902134,-0.107777717,-0.093426643,-0.107078966,-0.099454371,,,,,,,,
1996-11-29,-0.030523294,-0.081413832,-0.057949079,-0.04310507,-0.076480913,-0.072903899,,,,,,,,
1996-11-30,,,,,,,0.772204609,0.493986124,0.078019285,6.851994644,0.0,3.371105734,-1.244829353,-10.32857471
1996-12-06,-0.001020437,-0.098226332,-0.053537226,-0.077298635,-0.133904032,-0.058259353,,,,,,,,
1996-12-13,0.039744974,-0.109255787,-0.066195129,-0.126723823,-0.162424941,-0.04222987,,,,,,,,
1996-12-20,0.006219067,-0.066235503,-0.059980288,-0.132751226,-0.092743454,-0.024729663,,,,,,,,
1996-12-27,-0.125743887,-0.12152803,-0.142733216,-0.207362846,-0.145341032,-0.067549894,,,,,,,,
1996-12-31,,,,,,,0.511510067,0.344079083,0.201220885,0.660068403,0.379987791,3.261158559,2.677811908,4.741635206
1997-01-03,-0.118899727,-0.09232618,-0.15359738,-0.19554401,-0.073907226,-0.322629229,,,,,,,,
1997-01-10,-0.178378171,-0.094848962,-0.162343869,-0.17931532,0.024118562,-0.364152144,,,,,,,,
1997-01-17,-0.054743005,-0.008547775,-0.060257916,-0.058967222,0.091612013,-0.285565711,,,,,,,,
1997-01-24,0.029237045,-0.033474036,-0.021700411,-0.019450026,0.03784945,-0.247164476,,,,,,,,
1997-01-31,0.094408579,0.010357227,0.051833385,0.065923313,0.037340837,-0.089586442,0.0,0.61076865,-0.310661229,-24.05641495,0.755671102,-10.71446375,-2.053460244,-12.02715675
1997-02-07,0.14321785,0.066613877,0.107012345,0.135189638,0.029071382,0.078230679,,,,,,,,
1997-02-14,0.145257934,0.063407882,0.128346398,0.189079877,-0.008891552,0.067058537,,,,,,,,
1997-02-21,0.05755537,-0.001395602,0.040043626,0.088034352,-0.084877646,-0.0297955,,,,,,,,
1997-02-28,0.051769863,-0.005748448,0.051137685,0.136249169,-0.086647275,-0.080424188,0.254777208,0.269733546,-1.655463529,20.71162154,0.554117067,-4.879016417,2.053460244,-8.48435486
1997-03-07,0.111884772,-0.011473126,0.039060626,0.076367055,-0.057376022,-0.085485311,,,,,,,,
1997-03-14,0.013501294,-0.116843528,-0.062591223,-0.052658798,-0.173731953,-0.171602384,,,,,,,,
1997-03-21,0.012644791,-0.148171553,-0.048034464,-0.023058037,-0.257317685,-0.197923611,,,,,,,,
1997-03-28,-0.015153736,-0.053833357,-0.008743754,0.030299776,-0.154718098,-0.09839291,,,,,,,,
1997-03-31,,,,,,,0.254129743,-0.240343641,1.536276881,-4.879016417,0.373632674,-0.208550649,-0.611622702,18.91268573
1997-04-04,-0.033671807,0.004393816,0.03753284,0.064941403,-0.081894782,0.035198735,,,,,,,,
1997-04-11,-0.027383212,0.049327065,0.0744932,0.118298683,-0.016595344,0.058257691,,,,,,,,
1997-04-18,0.049368566,0.107516575,0.10909422,0.111154761,0.06260187,0.130367356,,,,,,,,
1997-04-25,0.046328231,0.127055883,0.088034257,0.048385995,0.089914997,0.141497499,,,,,,,,
1997-04-30,,,,,,,0.758537139,0.130105233,0.333900495,10.5003309,0.460667009,4.888957269,2.623763022,2.042424925
1997-05-02,0.072341819,0.084674464,0.068006709,0.024542605,0.066841567,0.12544337,,,,,,,,
1997-05-09,0.027460384,0.010188684,0.018728177,-0.016535105,-0.048707277,0.063657706,,,,,,,,
1997-05-16,-0.031206833,0.057415068,0.039833911,0.052899449,-0.054479668,0.167537668,,,,,,,,
1997-05-23,-0.04192592,0.089029829,0.068546949,0.079377417,0.031826547,0.254819641,,,,,,,,
1997-05-30,-0.055526652,0.066194238,0.071980463,0.131503524,0.081489078,0.199576414,,,,,,,,
1997-05-31,,,,,,,0.25157246,-0.331210698,-2.988551927,0.641027836,0.088347033,0.989127748,0.199005041,-0.890632117
1997-06-06,-0.058832572,0.115886642,0.070017297,0.119465853,0.11213245,0.209349538,,,,,,,,
1997-06-13,-0.006345398,0.155799926,0.084266318,0.129640873,0.2152707,0.172587854,,,,,,,,
1997-06-20,0.026351217,0.051999696,0.05316903,0.105588743,0.115003922,0.068983504,,,,,,,,
1997-06-27,0.014013925,-0.020144208,0.003161926,0.03756762,-0.02726282,-0.040828251,,,,,,,,
1997-06-30,,,,,,,0.250941161,-0.100869656,2.209796957,-7.977650243,0.176460254,1.56253179,-2.008099606,7.697147721
1997-07-04,0.0351602,0.053818738,0.052234352,0.079532241,-0.003501907,0.051207411,,,,,,,,
1997-07-11,0.042289146,-0.011818588,0.027915311,0.040821989,-0.076290184,-0.015016321,,,,,,,,
1997-07-18,-0.009622967,-0.038856721,-0.003289975,0.009200177,-0.127180755,-0.031696215,,,,,,,,
1997-07-25,-0.030790701,-0.017704638,-0.005074027,0.025416247,-0.075767015,-0.020157664,,,,,,,,
1997-07-31,,,,,,,0.250313022,0.222861341,-0.285741775,7.336622407,0.193747309,-3.350066973,2.997227354,8.766516372
1997-08-01,-0.017769728,-0.047414871,-0.014657832,-0.001577429,-0.07942646,-0.024185238,,,,,,,,
1997-08-08,-0.025896952,-0.067838119,-0.011757857,0.015428945,-0.072804247,-0.037087687,,,,,,,,
1997-08-15,-0.014537189,-0.039273998,0.017369992,0.047241375,-0.023994884,-0.006781925,,,,,,,,
1997-08-22,-0.019184809,-0.049904937,0.017428845,0.039952739,-0.040092792,-0.015146758,,,,,,,,
1997-08-29,-0.056426656,-0.079109375,-0.021663044,-0.017927468,-0.060658519,-0.044161427,,,,,,,,
1997-08-31,,,,,,,0.24968802,0.05550849,-0.15420654,5.32206962,0.718859938,1.787535183,-2.592368501,-13.92883077
1997-09-05,-0.075139074,-0.097849004,-0.044177589,-0.036683331,-0.051316259,-0.078868785,,,,,,,,
1997-09-12,-0.086295604,-0.108631803,-0.055155696,-0.053843511,-0.053844364,-0.064355762,,,,,,,,
1997-09-19,-0.082810577,-0.095007832,-0.067169124,-0.079993282,-0.072269383,-0.059385624,,,,,,,,
1997-09-26,-0.081454583,-0.109758523,-0.101243107,-0.128979041,-0.085968544,-0.070564702,,,,,,,,
1997-09-30,,,,,,,0.249066131,-0.613146364,0.49198854,-4.681041784,0.453199312,-6.716664354,1.204833852,-11.08984609
1997-10-03,-0.06522596,-0.068867191,-0.084317568,-0.104859599,-0.05764957,-0.058170391,,,,,,,,
1997-10-10,-0.095416975,-0.081273584,-0.127722534,-0.167809531,-0.096052927,-0.080127796,,,,,,,,
1997-10-17,-0.116034112,-0.109893427,-0.171217453,-0.225229193,-0.144315471,-0.195515589,,,,,,,,
1997-10-24,-0.163553508,-0.094289831,-0.168167106,-0.199677399,-0.116318512,-0.235182255,,,,,,,,
1997-10-31,-0.352978818,-0.212263303,-0.356808145,-0.454296622,-0.227620782,-0.303541193,0.0,-0.28331094,0.181746107,-11.49914087,0.0,-2.127739845,-0.801607499,3.595601369
1997-11-07,-0.21399209,-0.152589328,-0.213272979,-0.25881591,-0.175207724,-0.201303801,,,,,,,,
1997-11-14,-0.134738004,-0.10394903,-0.151623262,-0.219495769,-0.13404251,-0.110864649,,,,,,,,
1997-11-21,-0.170196744,-0.135751775,-0.150999913,-0.181054773,-0.130015155,-0.006560994,,,,,,,,
1997-11-28,-0.207604946,-0.359910344,-0.182675454,-0.134486484,-0.476409039,-0.126934928,,,,,,,,
1997-11-30,,,,,,,0.0,0.214393244,-0.59294933,-0.719427563,0.086918736,-2.61452801,-2.650511938,-12.95032404
1997-12-05,-0.173697831,-0.401834664,-0.107596268,-0.002113288,-0.625335284,-0.069571059,,,,,,,,
1997-12-12,-0.520291636,-0.619835135,-0.419761338,-0.294735691,-0.800334951,-0.416220857,,,,,,,,
1997-12-19,-0.350829997,-0.422532918,-0.304612207,-0.197304943,-0.552994489,-0.283379307,,,,,,,,
1997-12-26,-0.24979453,-0.348642553,-0.274617772,-0.201379379,-0.35009511,-0.256597259,,,,,,,,
1997-12-31,,,,,,,-0.498754151,-0.046650528,-1.926043443,-21.23714543,2.50527859,-10.21769694,-3.575564905,-32.89525167
1998-01-02,-0.153179563,-0.152389801,-0.203731208,-0.174027455,-0.0445322,-0.180584144,,,,,,,,
1998-01-09,0.071669396,0.121530665,0.030300807,0.063195892,0.087767401,0.042127486,,,,,,,,
1998-01-16,0.268980375,0.290588488,0.308116955,0.391137202,0.13515667,0.359789991,,,,,,,,
1998-01-23,0.17467874,0.226351905,0.297034864,0.40729544,-0.056030025,0.263276203,,,,,,,,
1998-01-30,0.307485846,0.352471511,0.476138367,0.610874741,-0.022443796,0.462006082,,,,,,,,
1998-01-31,,,,,,,-1.511363781,-3.500867602,0.91968517,-18.0537435,2.344773308,-11.38178025,-13.26141016,-39.31100777
1998-02-06,0.291742597,0.359053071,0.380465975,0.492919018,-0.027610858,0.383902621,,,,,,,,
1998-02-13,0.135419542,0.070914507,0.197551608,0.280147379,-0.114518407,0.138007654,,,,,,,,
1998-02-20,0.093736657,0.008176331,0.128280697,0.209262962,-0.132736776,0.126298039,,,,,,,,
1998-02-27,0.098976686,0.048106662,0.115030663,0.169630035,-0.02266114,0.112483617,,,,,,,,
1998-02-28,,,,,,,-1.534556967,-0.095859708,-0.182231712,2.638675517,1.706918186,-1.657496509,2.891767764,6.976096228
1998-03-06,-0.001008235,-0.068744188,0.005479958,0.027930546,-0.015936272,0.021113456,,,,,,,,
1998-03-13,0.055049346,-0.007531747,0.061354529,0.065478383,0.076000649,0.126832193,,,,,,,,
1998-03-20,0.091342784,0.051424384,0.019117462,-0.011826726,0.112156279,0.072278519,,,,,,,,
1998-03-27,0.003839559,-0.033022488,-0.08723288,-0.147837187,0.092086944,-0.050967228,,,,,,,,
1998-03-31,,,,,,,-1.297035044,-0.518683449,-0.360221283,-1.047129987,-0.162866486,-14.99811116,1.882408525,32.02499705
1998-04-03,-0.109651833,-0.214452305,-0.272514289,-0.375721417,-0.050758395,-0.290416182,,,,,,,,
1998-04-10,-0.050361372,-0.177586707,-0.144288867,-0.188962861,-0.063125938,-0.155442739,,,,,,,,
1998-04-17,-0.134898456,-0.236979426,-0.181483061,-0.194313562,-0.134813281,-0.207102748,,,,,,,,
1998-04-24,-0.188499604,-0.367795378,-0.204763619,-0.178338015,-0.348369093,-0.258304788,,,,,,,,
1998-04-30,,,,,,,-0.786373646,-0.984921253,-0.372673215,0.0,0.341713781,-7.385906114,-1.882408525,1.454678315
1998-05-01,-0.096403552,-0.240136156,-0.06512436,0.016784556,-0.292850344,-0.076069454,,,,,,,,
1998-05-08,-0.160376556,-0.260299536,-0.134074853,-0.067198566,-0.429980448,-0.168813417,,,,,,,,
1998-05-15,-0.247239772,-0.377816675,-0.232567613,-0.163018374,-0.617888406,-0.309894283,,,,,,,,
1998-05-22,-0.172750775,-0.209314638,-0.194678662,-0.22743264,-0.397782953,-0.247102439,,,,,,,,
1998-05-29,-0.177730847,-0.145246778,-0.222341417,-0.248263012,-0.29919797,-0.257050992,,,,,,,,
1998-05-31,,,,,,,-0.263504764,-0.51744172,0.013701746,-7.087433959,-0.504845955,-5.001042057,0.0,-2.782431289
1998-06-05,-0.103771464,-0.072858093,-0.195826315,-0.24507702,-0.249082721,-0.214216149,,,,,,,,
1998-06-12,-0.091864032,-0.088023911,-0.232192296,-0.311014549,-0.096566141,-0.185967464,,,,,,,,
1998-06-19,-0.035899486,-0.057507506,-0.145629702,-0.16582752,-0.033853238,-0.10386254,,,,,,,,
1998-06-26,-0.043864356,-0.131678705,-0.174673492,-0.167195546,-0.13615921,-0.143735879,,,,,,,,
1998-06-30,,,,,,,-0.264200946,-0.442290271,-1.17885073,0.0,-0.425393312,-4.495138786,0.237248035,1.804044178
1998-07-03,-0.012468362,-0.112279218,-0.091223044,-0.084216034,-0.105220755,-0.041330934,,,,,,,,
1998-07-10,0.014477471,-0.0306,-0.019946142,7.93e-05,-0.05753879,0.00928,,,,,,,,
1998-07-17,0.07728173,0.069877159,0.07790515,0.129941248,-0.002355979,0.072159597,,,,,,,,
1998-07-24,0.072804767,0.110038148,0.112668712,0.122387642,0.10342618,0.139363866,,,,,,,,
1998-07-31,0.050100569,0.141776965,0.093452383,0.057077898,0.26010658,0.139751844,0.0,-0.623888909,-0.471445251,-1.709443336,0.0,1.520941866,-0.475060276,-8.633048421
1998-08-07,-0.005256242,-0.007315694,0.022784268,-0.01008394,0.133344006,0.020286138,,,,,,,,
1998-08-14,-0.047276321,-0.091227681,-0.070226529,-0.154410047,0.073381627,-0.040015092,,,,,,,,
1998-08-21,-0.042520147,-0.126369234,-0.079277257,-0.135601785,-0.007446939,-0.071832948,,,,,,,,
1998-08-28,-0.018515345,-0.177550692,-0.09712996,-0.101014927,-0.146145229,-0.143092188,,,,,,,,
1998-08-31,,,,,,,0.0,-0.122893314,-0.848673011,0.0,0.327386117,2.97419692,0.475060276,-3.062349466
1998-09-04,0.074893325,-0.137480518,-0.031265202,-0.005060731,-0.108719375,-0.089835565,,,,,,,,
1998-09-11,0.092443976,-0.0403,0.025150396,0.03844663,-0.032720576,0.000315,,,,,,,,
1998-09-18,0.082448375,-0.057131134,-0.02088706,-0.063186647,-0.02659564,0.004400706,,,,,,,,
1998-09-25,0.026705488,-0.084632986,-0.033533619,-0.064476125,-0.062647118,0.015558788,,,,,,,,
1998-09-30,,,,,,,0.790517951,0.013234123,1.056796346,6.130052586,0.424005854,8.426034362,-0.237248035,2.251948107
1998-10-02,-0.008150622,-0.060344259,-0.040332466,-0.103127451,-0.042284644,0.016995354,,,,,,,,
1998-10-09,-0.008043217,-0.003948353,0.018040914,0.002274971,0.013047581,0.101744031,,,,,,,,
1998-10-16,0.057746047,0.050480957,0.162294084,0.229141775,0.058424689,0.108525312,,,,,,,,
1998-10-23,0.070873451,0.152070509,0.188473761,0.214329564,0.15201534,0.099433232,,,,,,,,
1998-10-30,0.0729405,0.153409366,0.184060333,0.224179114,0.158917881,0.073720971,,,,,,,,
1998-10-31,,,,,,,1.82059645,0.17967882,0.677913293,8.294908298,0.341158645,3.311560878,2.347525642,-4.40866218
1998-11-06,0.113455369,0.181970912,0.204152975,0.259570308,0.148012833,0.072437412,,,,,,,,
1998-11-13,0.07618032,0.124152205,0.10298417,0.130593235,0.090786733,-0.013048096,,,,,,,,
1998-11-20,0.151003199,0.142093887,0.146540668,0.218633536,0.101684786,-0.015450439,,,,,,,,
1998-11-27,0.208588077,0.179484079,0.138583475,0.19121504,0.217375547,0.026442877,,,,,,,,
1998-11-30,,,,,,,1.788042528,-0.514161603,-0.487312964,-2.010117932,-0.341158645,6.004963378,0.6936444,34.0696485
1998-12-04,0.169285789,0.256607205,0.157166535,0.201699788,0.322990243,0.046363828,,,,,,,,
1998-12-11,0.188106321,0.429236965,0.249748493,0.262046317,0.791262012,0.257380519,,,,,,,,
1998-12-18,0.178296963,0.378365996,0.141450383,0.097899474,0.782940794,0.149945288,,,,,,,,
1998-12-25,0.16284105,0.334477509,0.173575457,0.15883401,0.655005624,0.170453162,,,,,,,,
1998-12-31,,,,,,,1.257878221,0.69710504,-0.098530308,3.00022503,-0.162866486,-5.032508389,-0.461894586,-7.105648617
1999-01-01,0.14645957,0.262667592,0.166994276,0.156659608,0.545903868,0.167042014,,,,,,,,
1999-01-08,0.258124125,0.261685204,0.204089376,0.192608044,0.393471299,0.126464901,,,,,,,,
1999-01-15,0.253241554,0.168386143,0.157774753,0.158891687,0.083117593,0.069845789,,,,,,,,
1999-01-22,0.096275749,0.039441336,0.040520999,0.057973188,-0.051121438,-0.031341281,,,,,,,,
1999-01-29,0.118873921,-0.009715428,0.032734884,0.058390468,-0.06647522,-0.068808775,,,,,,,,
1999-01-31,,,,,,,0.747201484,-0.475802661,0.454841162,5.743204909,-0.081532821,16.87895506,3.189336378,-9.413449303
1999-02-05,0.038102865,-0.099429088,-0.057683491,-0.023873664,-0.194949633,-0.164404517,,,,,,,,
1999-02-12,-0.070670659,-0.202417752,-0.123544053,-0.085888261,-0.221298696,-0.244540546,,,,,,,,
1999-02-19,-0.07966617,-0.158575067,-0.109465963,-0.073981223,-0.125924973,-0.198401334,,,,,,,,
1999-02-26,-0.065905494,-0.111379218,-0.075370712,-0.044457917,-0.099551559,-0.159453413,,,,,,,,
1999-02-28,,,,,,,0.98766235,-0.227814204,0.035092839,1.843370169,0.423246603,0.272109011,1.336322781,-12.80540117
1999-03-05,-0.017162428,-0.054597702,-0.058284779,-0.059750857,-0.033873866,-0.082847203,,,,,,,,
1999-03-12,0.090708483,0.0617,0.019520329,0.000698,0.185115861,0.0323,,,,,,,,
1999-03-19,0.171435453,0.091918377,0.085282726,0.085860167,0.142219894,0.100816328,,,,,,,,
1999-03-26,0.232787716,0.185797448,0.126876281,0.106160791,0.24272231,0.163583976,,,,,,,,
1999-03-31,,,,,,,0.978002905,1.072730756,-0.657507971,2.702867239,0.162311349,6.062462182,0.881062968,17.13495227
1999-04-02,0.220500214,0.27928976,0.176567532,0.146917737,0.298230972,0.220792398,,,,,,,,
1999-04-09,0.181454181,0.296949072,0.165341598,0.136733148,0.247485599,0.15699754,,,,,,,,
1999-04-16,0.121324618,0.254941018,0.170702081,0.138527705,0.229148642,0.100983451,,,,,,,,
1999-04-23,0.125557435,0.356418128,0.182571132,0.114126559,0.181866621,0.11034826,,,,,,,,
1999-04-30,0.178165394,0.437146922,0.147992882,0.048696254,0.183665642,0.125545198,1.209204577,0.746905484,0.246006702,0.0,0.259151425,-1.54642257,0.219058138,-10.33653829
1999-05-07,0.274267134,0.45495659,0.178750519,0.067347021,0.16561953,0.136961379,,,,,,,,
1999-05-14,0.115055011,0.281971372,0.069619797,0.003642074,-0.056958073,0.045850717,,,,,,,,
1999-05-21,0.033252826,0.145089391,-0.037250796,-0.110053676,-0.161431662,0.009027416,,,,,,,,
1999-05-28,0.038297032,0.059990587,-0.026691219,-0.086657539,-0.095400773,-0.002496505,,,,,,,,
1999-05-31,,,,,,,0.956945102,0.493513404,0.796657338,4.348511194,-0.178094437,4.569322766,0.436681917,22.7187098
1999-06-04,-0.032140769,-0.0559,0.009666863,-0.000291,-0.106314389,-0.0546,,,,,,,,
1999-06-11,0.007684683,0.127878721,0.075833942,0.098566516,-0.008365609,-0.00527606,,,,,,,,
1999-06-18,0.100214376,0.186734029,0.148785528,0.184998552,0.056026155,0.029729509,,,,,,,,
1999-06-25,0.123766927,0.278922713,0.21482546,0.290498998,0.090619314,0.056727266,,,,,,,,
1999-06-30,,,,,,,1.418463499,0.940685599,0.176621196,2.935221201,-0.585082118,-2.767472216,2.155255839,8.299966635
1999-07-02,0.225607295,0.248967935,0.250692253,0.332615036,0.112288821,0.090559484,,,,,,,,
1999-07-09,0.251040047,0.251498587,0.280217147,0.357490441,0.202146725,0.190449129,,,,,,,,
1999-07-16,0.184341214,0.125757389,0.257145654,0.35477175,0.164464218,0.21257951,,,,,,,,
1999-07-23,0.045054985,-0.037551061,0.165972758,0.271388628,0.041750233,0.148630918,,,,,,,,
1999-07-30,-0.016727427,-0.130683702,0.203545961,0.371961138,-0.008486452,0.069807367,,,,,,,,
1999-07-31,,,,,,,1.629838173,-0.019700552,1.076748262,4.445176257,-0.342885469,6.899287149,3.766135464,-29.92258724
1999-08-06,-0.151256358,-0.216075159,0.069833673,0.193363057,-0.131590668,0.005835806,,,,,,,,
1999-08-13,-0.163906606,-0.308744864,0.012693672,0.135875519,-0.217690891,-0.096005711,,,,,,,,
1999-08-20,-0.091196806,-0.269015162,-0.016348064,0.047173159,-0.069210127,-0.159780936,,,,,,,,
1999-08-27,-0.005065601,-0.136138767,0.078674286,0.16029329,0.048728602,-0.127480902,,,,,,,,
1999-08-31,,,,,,,1.148118237,1.082680508,2.143154406,3.495501503,1.025149325,3.048301673,-0.617921637,-9.476183306
1999-09-03,-0.07730154,-0.204551126,0.034004613,0.145240348,-0.036935095,-0.082694439,,,,,,,,
1999-09-10,-0.024642995,-0.091579534,0.07814415,0.155926295,0.01244701,-0.035310091,,,,,,,,
1999-09-17,-0.036917168,-0.020923246,0.073378721,0.13568068,-0.043171662,0.067577017,,,,,,,,
1999-09-24,-0.046617588,-0.033506438,0.073504456,0.146844977,-0.090130871,0.060037756,,,,,,,,
1999-09-30,,,,,,,1.360565206,1.340677826,-2.806099527,0.760459939,0.242541957,5.175508151,1.435922108,5.677421493
1999-10-01,-0.168530226,-0.155603245,-0.13561835,-0.122938178,-0.22129223,-0.050578574,,,,,,,,
1999-10-08,-0.137613117,-0.115060319,-0.146345788,-0.168067341,-0.144391133,-0.077046281,,,,,,,,
1999-10-15,-0.127098366,-0.029354562,-0.127033623,-0.129699744,-0.126731025,-0.131821296,,,,,,,,
1999-10-22,-0.138565152,-0.092621828,-0.191188245,-0.225690774,-0.14949874,-0.178071221,,,,,,,,
1999-10-29,-0.054771008,-0.039618997,-0.111406835,-0.145100546,-0.113508963,-0.052663794,,,,,,,,
1999-10-31,,,,,,,0.896866998,0.474832423,-0.00422594,9.737416403,0.756177684,0.873367997,1.415594923,4.710896685
1999-11-05,0.054872675,0.1546739,0.059121123,0.060610614,0.032427189,0.026187717,,,,,,,,
1999-11-12,0.045243787,0.16617557,0.086497888,0.157712646,-0.037944822,0.134543253,,,,,,,,
1999-11-19,0.021107532,0.098697207,0.098535891,0.176350644,-0.061699818,0.106304091,,,,,,,,
1999-11-26,-0.034627353,0.099935772,0.062540659,0.165773539,-0.16470992,0.039282429,,,,,,,,
1999-11-30,,,,,,,1.330396563,0.200764886,0.236413344,1.365208917,-0.176465916,13.97619424,1.197619105,2.126325131
1999-12-03,0.038565512,0.025315259,0.073492725,0.171247695,-0.163498804,-0.021198061,,,,,,,,
1999-12-10,0.04638038,-0.067614118,0.021469689,0.09119386,-0.209258775,0.030481003,,,,,,,,
1999-12-17,0.075576799,-0.14240646,-0.043803453,-0.012500568,-0.192464911,-0.04828591,,,,,,,,
1999-12-24,0.071858324,-0.199571634,-0.018660176,0.052202038,-0.144064832,-0.07141552,,,,,,,,
1999-12-31,0.122854315,-0.163378112,-0.010538713,0.047510282,-0.123685339,-0.071917811,0.877198607,-0.172059499,-0.178482126,-3.098354552,-0.160694234,-0.568721912,0.790517951,10.07399171
2000-01-07,-0.061898033,-0.177108985,-0.062761415,-0.023436349,-0.123901855,-0.151187694,,,,,,,,
2000-01-14,-0.046963217,-0.12526711,-0.02643402,0.034703348,-0.154709274,-0.204437038,,,,,,,,
2000-01-21,-0.146750596,-0.097867955,-0.010837401,0.073624763,-0.229394371,-0.154625898,,,,,,,,
2000-01-28,-0.152,-0.046630494,-0.000684,0.045552436,-0.102,-0.081828503,,,,,,,,
2000-01-31,,,,,,,0.869570697,-0.546816405,-0.066664825,8.058048666,0.449294722,-1.147240116,0.784317746,-8.830700635
2000-02-04,-0.128818482,-0.002037616,-0.025884913,-0.034469389,-0.054903614,-0.007351573,,,,,,,,
2000-02-11,-0.132714845,-0.090698317,-0.025332501,0.00815933,-0.169355977,0.024312881,,,,,,,,
2000-02-18,-0.134047771,-0.164654736,-0.083542507,-0.090837858,-0.170679406,0.028757995,,,,,,,,
2000-02-25,-0.074454298,-0.160556237,-0.111361927,-0.151213673,-0.18380155,-0.025937522,,,,,,,,
2000-02-29,,,,,,,0.647251451,0.254593629,-0.161192951,3.486882565,0.303732949,3.402974859,1.357925813,-3.808716296
2000-03-03,-0.10553837,-0.182652039,-0.033950632,0.030867821,-0.253421431,-0.007173185,,,,,,,,
2000-03-10,-0.015075298,0.017014712,-0.030896392,-0.004405755,-0.061777631,0.029436685,,,,,,,,
2000-03-17,-0.005702197,0.013638332,-0.020410389,-0.006835154,-0.002961606,-0.028758644,,,,,,,,
2000-03-24,0.015235098,0.074793513,0.117412988,0.204110643,-0.001544189,0.032399862,,,,,,,,
2000-03-31,0.01844445,0.072955066,0.073832805,0.140657126,-0.048008055,-0.144385329,0.856536286,0.526342188,0.30524189,-3.809984623,0.493592277,2.749944136,-0.579711768,16.55412633
2000-04-07,-0.101693028,-0.055065635,0.051536409,0.1354915,-0.119071553,-0.282851898,,,,,,,,
2000-04-14,-0.107681381,-0.119067329,-0.010377388,0.061240459,-0.047619976,-0.282577585,,,,,,,,
2000-04-21,-0.104046794,-0.163452235,-0.077924148,-0.041414598,-0.008193283,-0.311683863,,,,,,,,
2000-04-28,-0.168362288,-0.188068209,-0.17401701,-0.15803048,-0.101208296,-0.306750597,,,,,,,,
2000-04-30,,,,,,,0.637621714,0.166893203,-2.613959577,-0.649352931,-0.397867955,7.488266554,2.109378306,-1.005989034
2000-05-05,-0.102720052,-0.135360183,-0.135441455,-0.137796991,-0.045039714,-0.107450941,,,,,,,,
2000-05-12,-0.073693413,-0.139072563,-0.106858126,-0.12064143,-0.141617776,-0.103364439,,,,,,,,
2000-05-19,-0.298356507,-0.292808944,-0.06482707,0.012426963,-0.378115161,-0.32422195,,,,,,,,
2000-05-26,-0.264297744,-0.274518587,-0.169252068,-0.147543694,-0.283933891,-0.30056673,,,,,,,,
2000-05-31,,,,,,,1.263174691,0.598519742,2.348168974,3.205402629,-0.511591843,-5.518641557,2.80654529,12.06808955
2000-06-02,-0.161950022,-0.175461685,-0.006610356,0.033734837,-0.161447928,-0.190353214,,,,,,,,
2000-06-09,-0.001738975,-0.033643603,0.058871988,0.094687422,0.219514705,-0.087206423,,,,,,,,
2000-06-16,-0.004579367,-0.104273346,0.004794547,0.017488536,0.054866734,-0.100612409,,,,,,,,
2000-06-23,0.251887804,0.047715844,0.121828995,0.123902858,0.155388881,0.070718212,,,,,,,,
2000-06-30,0.310835626,0.097352837,0.159967058,0.179041607,0.147943466,0.089267617,0.833338156,0.255415899,0.546827229,3.105839702,0.511591843,-0.890477834,-1.113184037,-6.654363258
2000-07-07,0.274757723,0.051889293,0.075376866,0.073489673,0.050284235,0.07066273,,,,,,,,
2000-07-14,0.160963017,0.11636048,0.058269269,0.074944431,-0.043400902,0.073254516,,,,,,,,
2000-07-21,0.045920574,0.181845383,-0.00306373,-0.004651358,-0.001436151,0.087162748,,,,,,,,
2000-07-28,-0.110628547,0.054036152,-0.154411956,-0.212576621,-0.170565603,-0.067461488,,,,,,,,
2000-07-31,,,,,,,1.441837542,0.687320284,2.620218536,6.224230888,0.397867955,0.0,2.941388521,-1.35842528
2000-08-04,-0.1882611,0.019150577,-0.152846981,-0.197396517,-0.163533319,-0.101138379,,,,,,,,
2000-08-11,-0.180121598,-0.038109192,-0.151616455,-0.202903817,-0.223628831,-0.122826534,,,,,,,,
2000-08-18,-0.055518788,-0.057300083,-0.080691335,-0.123904217,-0.110023955,-0.067769683,,,,,,,,
2000-08-25,-0.008246564,-0.047560434,0.030612597,0.02798365,0.013973075,0.02277852,,,,,,,,
2000-08-31,,,,,,,0.611622702,0.271739298,-1.712441606,-9.962984095,0.506971935,10.19557995,-1.092907053,8.334164537
2000-09-01,0.004753679,-0.073106836,0.00163071,-0.022454087,0.043721076,0.061240508,,,,,,,,
2000-09-08,-0.016130843,-0.152860338,-0.09340964,-0.154960162,-0.013603084,-0.022936896,,,,,,,,
2000-09-15,-0.019236866,-0.171397982,-0.164919825,-0.260758726,-0.025433278,-0.088046385,,,,,,,,
2000-09-22,-0.132223436,-0.394073302,-0.325715097,-0.452278665,-0.217428923,-0.260727799,,,,,,,,
2000-09-29,-0.068782687,-0.180141787,-0.221345853,-0.323400745,-0.180586469,-0.186484201,,,,,,,,
2000-09-30,,,,,,,0.40568007,-0.06084291,-1.222796233,-1.600034135,1.287504047,-7.721955597,-3.352269204,-9.884177575
2000-10-06,-0.080512798,-0.128391715,-0.174990024,-0.243867418,-0.204403276,-0.174185681,,,,,,,,
2000-10-13,-0.145010112,-0.20092595,-0.280181422,-0.390234463,-0.296091826,-0.212558914,,,,,,,,
2000-10-20,-0.071693416,-0.026070596,-0.157615901,-0.209374326,-0.242639699,-0.130523636,,,,,,,,
2000-10-27,-0.064606963,-0.066495979,-0.194780516,-0.291065224,-0.249882983,-0.15057043,,,,,,,,
2000-10-31,,,,,,,0.0,0.443770435,-0.167923896,-1.626052087,-0.09364758,-0.524935589,0.378072284,11.30373097
2000-11-03,-0.035527545,-0.120065495,-0.112122334,-0.173787652,-0.172076692,-0.134022424,,,,,,,,
2000-11-10,-0.02186801,-0.068115058,-0.033080194,-0.077623244,-0.166170609,-0.077081781,,,,,,,,
2000-11-17,0.003225194,-0.032454169,0.017328075,-0.020830923,0.019708438,-0.005233458,,,,,,,,
2000-11-24,-0.077057643,-0.090622039,0.031264369,0.033230751,-0.012746703,-0.005778634,,,,,,,,
2000-11-30,,,,,,,0.202224538,-0.378248834,-0.272962472,-1.652930195,-0.595146627,-7.275935428,2.607224031,-5.607903873
2000-12-01,-0.102414934,-0.096105224,-0.023019163,-0.042812037,-0.037947642,-0.031544996,,,,,,,,
2000-12-08,-0.149797244,-0.090761655,-0.041854294,-0.05774659,-0.01733594,-0.075911944,,,,,,,,
2000-12-15,-0.126791504,-0.050619499,-0.011494754,0.012157555,-0.02672693,-0.069930223,,,,,,,,
2000-12-22,-0.173265862,-0.147638525,-0.096439299,-0.115578286,-0.078841172,-0.211921051,,,,,,,,
2000-12-29,-0.109533947,-0.080414077,-0.059749088,-0.086249328,0.029528605,-0.15212152,,,,,,,,
2000-12-31,,,,,,,0.0,-0.309264105,-0.001108436,-1.342302033,0.391942181,-6.630107982,-3.555098426,-3.915263162
2001-01-05,0.002865241,0.073484538,0.0773457,0.12756663,0.312465459,-0.04487184,,,,,,,,
2001-01-12,-0.026824965,0.098440722,0.073696503,0.091778259,0.216715131,-0.023863667,,,,,,,,
2001-01-19,-0.0298798,0.174999901,0.219706388,0.306584968,0.17627038,0.04278231,,,,,,,,
2001-01-26,-0.022005945,0.223677402,0.186682893,0.250270743,0.29806027,0.108088889,,,,,,,,
2001-01-31,,,,,,,0.201816416,-0.961999308,-0.218385249,0.337268448,1.073856713,3.759097394,2.631730832,-10.97065424
2001-02-02,-0.013639483,0.188030707,0.152429883,0.198152262,0.132852178,0.084039485,,,,,,,,
2001-02-09,-0.045247424,0.060194973,0.054680761,0.056862661,-0.010912889,0.042176669,,,,,,,,
2001-02-16,0.018702037,0.060996582,0.022228546,0.007282576,0.068241696,0.063194698,,,,,,,,
2001-02-23,0.118703043,0.058633024,-0.021289092,-0.091910759,0.074478885,0.12602595,,,,,,,,
2001-02-28,,,,,,,0.40241503,-0.075843765,0.250614633,5.884050002,0.494133186,-0.194363521,1.473323151,-3.33880967
2001-03-02,0.08967234,-0.008596721,-0.051532499,-0.135711637,-0.086071463,0.122710784,,,,,,,,
2001-03-09,0.054352449,-0.006116583,-0.030632906,-0.090662538,-0.097930991,0.15015961,,,,,,,,
2001-03-16,0.009748716,-0.060729805,-0.056010442,-0.092940813,-0.145908837,0.106544356,,,,,,,,
2001-03-23,-0.049737823,-0.069872277,-0.013969955,-0.003452852,-0.218454348,0.071067641,,,,,,,,
2001-03-30,-0.0805,-0.087926067,-0.000825,0.037509847,-0.271,0.003430432,,,,,,,,
2001-03-31,,,,,,,0.40080214,0.609858881,0.165826478,4.044096956,0.874171658,0.0,-0.182982668,17.10608258
2001-04-06,-0.094396753,-0.096229277,-0.028848196,-0.014107789,-0.280439746,-0.050902063,,,,,,,,
2001-04-13,-0.057952036,-0.056201318,-0.026786305,-0.006541259,-0.200653076,-0.008255388,,,,,,,,
2001-04-20,-0.01021862,0.01030208,0.030049685,0.060135915,-0.093816965,0.060124961,,,,,,,,
2001-04-27,0.028765462,0.038765115,0.019818167,0.014473584,-0.025752003,0.052334866,,,,,,,,
2001-04-30,,,,,,,0.399202127,1.650071327,0.210925759,2.706932197,0.381010901,1.160554612,1.6349138,-2.63491336
2001-05-04,0.062098694,0.114334455,0.099288224,0.104842268,0.098788803,0.117011937,,,,,,,,
2001-05-11,0.142274675,0.14177519,0.118035314,0.119775563,0.161035642,0.172235417,,,,,,,,
2001-05-18,0.131097917,0.151120192,0.118861126,0.073710611,0.181025112,0.116072047,,,,,,,,
2001-05-25,0.154378502,0.198043924,0.120175373,0.062988069,0.309957966,0.223344864,,,,,,,,
2001-05-31,,,,,,,0.79365496,0.397909191,-0.089838572,2.346148668,-0.091310309,-4.523878548,3.017087763,2.595472413
2001-06-01,0.156026233,0.158340949,0.078666512,0.020813908,0.271085455,0.31993608,,,,,,,,
2001-06-08,0.112103472,0.161058412,0.080348316,0.045516883,0.250726274,0.26047796,,,,,,,,
2001-06-15,0.127876843,0.160841111,0.048695124,-0.008692069,0.231604659,0.271761007,,,,,,,,
2001-06-22,0.082456474,0.084530068,-0.013910863,-0.101711517,0.145288949,0.297201336,,,,,,,,
2001-06-29,0.010542534,0.040990182,-0.026278541,-0.102091528,0.071743206,0.196360188,,,,,,,,
2001-06-30,,,,,,,0.591134726,0.046165921,0.188285457,3.138631382,0.288863751,-0.605450891,0.523104942,-8.325282359
2001-07-06,-0.021064275,-0.001578622,-0.067750523,-0.154556323,-0.018143268,0.087352653,,,,,,,,
2001-07-13,-0.079888787,-0.077919726,-0.135061087,-0.233229061,-0.153904199,-0.034256411,,,,,,,,
2001-07-20,-0.160346162,-0.133055799,-0.150980002,-0.182227896,-0.203918718,-0.089090098,,,,,,,,
2001-07-27,-0.152109547,-0.109835183,-0.128199792,-0.098508711,-0.235889112,-0.18840897,,,,,,,,
2001-07-31,,,,,,,0.0,0.189057765,-0.319829886,-2.272825108,0.182011274,2.59754864,-0.348432408,4.389783178
2001-08-03,-0.079847293,-0.037273862,-0.060210053,-0.009003728,-0.125623266,-0.058844429,,,,,,,,
2001-08-10,-0.052929616,-0.023886432,-0.052484817,0.005580643,-0.007277275,0.021665723,,,,,,,,
2001-08-17,-0.002007925,0.057979104,0.023649135,0.086942757,0.27568203,0.092556679,,,,,,,,
2001-08-24,0.055311182,0.020565221,0.024904569,0.040254403,0.229395615,0.084440851,,,,,,,,
2001-08-31,0.018929414,-0.07590534,-0.037578083,-0.04571217,0.146878952,-0.050357065,0.587660849,0.335732833,0.038274183,-1.447203261,0.393224947,-5.472489969,0.695654979,6.246923562
2001-09-07,-0.000317,-0.052164002,-0.015682561,-0.032710131,0.176485307,-0.095279114,,,,,,,,
2001-09-14,-0.101191829,-0.202410498,-0.163849056,-0.170530531,-0.083280631,-0.386254939,,,,,,,,
2001-09-21,-0.090104981,-0.223984818,-0.248899899,-0.324641161,-0.133086384,-0.376226104,,,,,,,,
2001-09-28,-0.022319782,-0.116185851,-0.187104455,-0.290106622,-0.039216354,-0.258752198,,,,,,,,
2001-09-30,,,,,,,0.971824947,0.284260427,0.077118878,6.216690642,-0.105716237,4.082199452,3.239840056,2.239325693
2001-10-05,-0.011650966,-0.07933837,-0.132216617,-0.225616883,-0.062530322,-0.177854225,,,,,,,,
2001-10-12,0.085061583,0.001398773,-0.022040857,-0.079882415,-0.018754587,-0.031312981,,,,,,,,
2001-10-19,0.131968498,0.098725236,0.118500393,0.106163002,0.067336707,0.150725597,,,,,,,,
2001-10-26,0.092346978,0.10030924,0.173009859,0.230336591,0.027275043,0.127322439,,,,,,,,
2001-10-31,,,,,,,0.962471337,0.086950558,-0.482407911,-1.657496509,0.0,5.069311432,-3.066679839,5.738189934
2001-11-02,0.047954574,0.064042508,0.138765933,0.213940139,0.002436131,0.070279939,,,,,,,,
2001-11-09,0.049807468,0.070180363,0.143452162,0.21584333,0.007416107,0.070303657,,,,,,,,
2001-11-16,0.066891432,0.084484065,0.169528158,0.222918177,0.078997336,0.077564919,,,,,,,,
2001-11-23,0.118901308,0.128592797,0.198325288,0.24068101,0.101888887,0.104925809,,,,,,,,
2001-11-30,0.134125308,0.202196561,0.16637031,0.2055439,0.164177116,0.107964319,0.953296066,0.260398968,0.175001136,-0.278940209,-0.575846416,-2.113431207,3.902106586,-3.562181016
2001-12-07,0.161535427,0.225906019,0.279568708,0.389297296,0.225817446,0.150965513,,,,,,,,
2001-12-14,0.127165869,0.199958928,0.154898229,0.225993544,0.147098543,0.113964529,,,,,,,,
2001-12-21,0.109799185,0.138801936,0.064846157,0.123751146,-0.008526827,0.006285538,,,,,,,,
2001-12-28,0.086271732,0.111448027,0.114448871,0.195462187,0.027757777,0.022049811,,,,,,,,
2001-12-31,,,,,,,0.189573516,0.022809699,-0.173235071,-7.841461102,0.197373479,1.732478366,0.166251077,7.498902108
2002-01-04,0.113724416,0.146321627,0.127234582,0.204210698,-0.00684268,0.029811573,,,,,,,,
2002-01-11,0.076221106,0.071419765,0.067254562,0.113193767,0.063802515,0.044754748,,,,,,,,
2002-01-18,0.098904556,0.083492586,0.091136117,0.138487986,0.04942354,0.011657122,,,,,,,,
2002-01-25,0.170138044,0.192449556,0.167902873,0.19925177,0.140852979,0.115680577,,,,,,,,
2002-01-31,,,,,,,0.942514046,0.291505558,-0.130858316,16.40283637,0.574714226,-2.904366777,0.991743666,-4.97201272
2002-02-01,0.164160876,0.086584837,0.05896243,0.051355185,0.049042725,0.085747279,,,,,,,,
2002-02-08,0.171238605,0.043466633,0.043983344,0.02412396,-0.05497341,0.047843718,,,,,,,,
2002-02-15,0.189642746,0.139032408,0.132768264,0.117405034,-0.008333417,0.09380057,,,,,,,,
2002-02-22,0.103116523,0.103136184,0.105612346,0.075972672,-0.027478768,0.118077557,,,,,,,,
2002-02-28,,,,,,,1.119414674,0.544293084,0.287674751,-1.290340484,0.466411738,4.231400469,2.437163682,-13.91213924
2002-03-01,0.067802072,0.127970795,0.09986803,0.084940371,0.037090004,0.118298756,,,,,,,,
2002-03-08,0.078750021,0.175616535,0.117808821,0.109072049,0.048847884,0.18297595,,,,,,,,
2002-03-15,0.087329864,0.292369573,0.117818076,0.061208388,0.109631867,0.20746591,,,,,,,,
2002-03-22,0.142618677,0.253707262,0.111435093,0.087173124,0.106537344,0.242738767,,,,,,,,
2002-03-29,0.127618014,0.206365123,0.117686063,0.123308687,0.049698711,0.181355274,,,,,,,,
2002-03-31,,,,,,,1.290340484,-0.08145534,0.184165847,2.817087697,0.568778663,2.234729869,1.434287536,18.11995645
2002-04-05,0.103189072,0.17132825,0.140731185,0.138866921,0.04366402,0.163448007,,,,,,,,
2002-04-12,0.032384036,0.033700163,0.060011643,0.07926246,-0.047128401,0.074992416,,,,,,,,
2002-04-19,0.027197326,0.050908505,0.085050489,0.132834665,-0.073420977,0.023452971,,,,,,,,
2002-04-26,-0.057294085,-0.044507713,0.015579935,0.069260994,-0.188518561,-0.101074886,,,,,,,,
2002-04-30,,,,,,,0.729930248,0.667782114,-0.204868733,0.503779403,0.565561859,2.005536681,0.0,5.328050888
2002-05-03,-0.024074907,-0.085078954,-0.043373614,-0.033093875,-0.211324961,-0.12912523,,,,,,,,
2002-05-10,-0.037286512,-0.121684646,-0.102162753,-0.108506505,-0.219910091,-0.144515777,,,,,,,,
2002-05-17,-0.004554996,-0.111010317,-0.014260586,-0.001815526,-0.11335597,-0.091552089,,,,,,,,
2002-05-24,-0.015077716,-0.144246182,-0.075981983,-0.077934485,-0.10033437,-0.12548496,,,,,,,,
2002-05-31,-0.051280618,-0.180353165,-0.114207859,-0.124175001,-0.110699077,-0.124257844,0.362976805,-0.175537347,-0.900711938,6.092017376,0.370343361,-2.189868531,-1.273902578,2.180386731
2002-06-07,-0.064032558,-0.103728086,-0.054980733,-0.038834341,-0.083396245,-0.129046351,,,,,,,,
2002-06-14,-0.059913527,-0.048818904,-0.034584432,-0.02315576,-0.044028831,-0.071168344,,,,,,,,
2002-06-21,-0.088385299,-0.093875042,-0.109263483,-0.11776778,-0.102213445,-0.099504395,,,,,,,,
2002-06-28,-0.075018939,-0.046498445,-0.094291792,-0.106444741,-0.086523216,-0.10746431,,,,,,,,
2002-06-30,,,,,,,0.0,0.256450774,-1.589932278,-9.153480958,-0.088757402,1.283244007,-0.160384958,-11.45436356
2002-07-05,0.002750931,0.049386389,0.003544014,0.015087044,0.011783384,-0.026154815,,,,,,,,
2002-07-12,0.018908984,0.057456098,-0.01930986,-0.01489518,0.01427353,-0.044344273,,,,,,,,
2002-07-19,0.012641868,0.009873335,-0.04958008,-0.034257988,-0.047080652,-0.118361365,,,,,,,,
2002-07-26,-0.022473617,-0.034911682,-0.079002805,-0.063419056,-0.031571212,-0.131628979,,,,,,,,
2002-07-31,,,,,,,0.542006747,0.112271259,0.972691642,2.304839544,-0.281585959,2.695580999,2.535793559,11.37938984
2002-08-02,-0.015427013,-0.100847846,-0.081989943,-0.066564835,0.037764063,-0.112201827,,,,,,,,
2002-08-09,-0.073,-0.177872243,-0.137816754,-0.126944348,-4.6e-06,-0.152572339,,,,,,,,
2002-08-16,-0.086940383,-0.103474972,-0.085546818,-0.078033034,0.018017562,-0.101439862,,,,,,,,
2002-08-23,-0.042478881,-0.023989517,0.013904548,0.040880552,0.110308153,0.002623144,,,,,,,,
2002-08-30,-0.019873256,0.056611183,0.031097155,0.047306967,0.129859504,0.035606973,,,,,,,,
2002-08-31,,,,,,,0.359712618,0.026926357,-1.375324454,5.179949536,0.650889872,-6.217724495,1.860518783,4.887588801
2002-09-06,-0.044407409,0.063039898,0.005949622,0.006739388,0.071484301,-0.004958688,,,,,,,,
2002-09-13,0.005953437,0.03186152,0.023641608,0.033432565,0.02158397,-0.001467566,,,,,,,,
2002-09-20,-0.00519781,-0.029658197,-0.013021677,-0.009867699,-0.035828804,-0.026922233,,,,,,,,
2002-09-27,-0.049372564,-0.12057669,-0.108478894,-0.115467603,-0.151346619,-0.126385268,,,,,,,,
2002-09-30,,,,,,,0.893660997,0.358326998,1.682622797,-8.526465165,0.558742815,10.38499414,-1.548018529,-3.854368076
2002-10-04,-0.058264657,-0.130292125,-0.095045551,-0.106622417,-0.213972343,-0.12614901,,,,,,,,
2002-10-11,-0.227549962,-0.247015128,-0.201800326,-0.221029369,-0.338224388,-0.205254437,,,,,,,,
2002-10-18,-0.103225503,-0.089096055,-0.051052771,-0.044219599,-0.145074398,-0.089989747,,,,,,,,
2002-10-25,-0.11495412,-0.096411771,-0.004038804,0.02134873,-0.110552462,-0.062146564,,,,,,,,
2002-10-31,,,,,,,0.35524016,-0.147654337,0.337460452,1.041676086,-0.278981166,-7.410797215,0.155884677,11.5974448
2002-11-01,-0.119701363,-0.093018368,0.03890229,0.078868205,-0.072157626,0.003332524,,,,,,,,
2002-11-08,0.000446,-0.006251796,0.144202221,0.212052927,0.074422325,0.083894071,,,,,,,,
2002-11-15,0.018085176,-0.006005728,0.109659739,0.162869107,0.087108447,0.076066683,,,,,,,,
2002-11-22,-0.001572549,0.000777,0.061271065,0.098986465,0.054926769,0.037656512,,,,,,,,
2002-11-29,0.080074114,0.093101384,0.113087814,0.133493679,0.114304593,0.084832152,,,,,,,,
2002-11-30,,,,,,,0.530505223,-0.322913677,-0.349757966,3.061463582,0.102873108,7.919704166,-0.625002035,-4.2103121
2002-12-06,0.057067208,0.09817502,0.082140142,0.07636703,0.119444407,0.117352659,,,,,,,,
2002-12-13,0.026053064,0.065754615,0.047175923,0.017960786,0.082581749,0.076961673,,,,,,,,
2002-12-20,0.002489034,-0.000966,0.034667182,-0.005001366,0.073163923,0.053044639,,,,,,,,
2002-12-27,-0.108518052,-0.156252949,-0.089336997,-0.123695563,-0.091343414,-0.069858002,,,,,,,,
2002-12-31,,,,,,,0.176211499,0.497390849,0.06980277,-6.219620787,0.454313084,2.671277365,-2.218791498,-0.647727738
2003-01-03,-0.114338183,-0.155689031,-0.094339456,-0.104279236,-0.106324501,-0.10710378,,,,,,,,
2003-01-10,-0.11051555,-0.21077091,-0.123584642,-0.135340693,-0.152939519,-0.189951227,,,,,,,,
2003-01-17,-0.061021051,-0.11208516,-0.115956023,-0.125287754,-0.139219975,-0.151094764,,,,,,,,
2003-01-24,-0.054153556,-0.100482762,-0.107448454,-0.122087069,-0.132917926,-0.132035393,,,,,,,,
2003-01-31,-0.044538987,-0.061259061,-0.11410159,-0.150997571,-0.113549122,-0.127950466,0.175901541,-0.6142553,0.197673918,3.416889562,0.655835623,-21.41234,4.389419356,-2.142794962
2003-02-07,-0.042853049,-0.050530118,-0.121558669,-0.185748879,-0.099077636,-0.114076039,,,,,,,,
2003-02-14,-0.056506975,-0.036235093,-0.10198259,-0.153370531,-0.075206111,-0.09506441,,,,,,,,
2003-02-21,-0.044545127,-0.002258112,-0.031304285,-0.033655389,-0.002131246,-0.013453357,,,,,,,,
2003-02-28,-0.062936713,-0.020827491,-0.043418634,-0.05492167,0.032062838,0.002445807,0.0,-0.107996231,-0.338180168,-3.953083876,0.536038951,17.72064561,-7.978711662,-8.131124767
2003-03-07,-0.096545316,-0.118055748,-0.060322685,-0.019758633,-0.034117341,-0.056796638,,,,,,,,
2003-03-14,-0.082081156,-0.194,-0.022320271,0.05241974,-0.002120373,-0.000261,,,,,,,,
2003-03-21,-0.046003475,-0.149528909,0.014370315,0.070888771,0.094236391,0.015550194,,,,,,,,
2003-03-28,-0.035960311,-0.169993581,-0.011480471,0.024147176,0.060893965,0.011760011,,,,,,,,
2003-03-31,,,,,,,0.0,-0.171232919,-0.612779128,-2.173998664,1.177836081,-2.247285585,0.497101272,12.66731868
2003-04-04,0.052860343,-0.123182248,0.017049972,0.00827773,0.221661727,0.09705674,,,,,,,,
2003-04-11,0.114731407,0.015017994,0.062176597,0.00907666,0.363744223,0.18051147,,,,,,,,
2003-04-18,0.154800169,0.125812817,0.096927015,0.046845602,0.292450401,0.193517816,,,,,,,,
2003-04-25,0.081414938,-0.019719476,-0.016899007,-0.066631909,0.096475732,0.097900254,,,,,,,,
2003-04-30,,,,,,,-0.35211304,-0.275488489,0.055263243,-0.275103337,-0.171502114,-5.387298994,-0.33112613,-1.004527244
2003-05-02,0.114718034,0.081463523,0.059410934,0.033729897,0.098396412,0.127369532,,,,,,,,
2003-05-09,0.116829451,0.158744605,0.092229425,0.090870382,0.08375335,0.124024405,,,,,,,,
2003-05-16,0.09867917,0.112058339,0.027668948,0.007821018,0.009798648,0.07872971,,,,,,,,
2003-05-23,0.151204076,0.123517261,0.045871102,0.018169606,0.082576508,0.107630231,,,,,,,,
2003-05-30,0.144825273,0.151023503,0.090493001,0.071498166,0.143393536,0.145605376,,,,,,,,
2003-05-31,,,,,,,0.35211304,0.094925987,0.490194074,-1.108044578,-0.186126477,-3.568453737,1.970507108,-4.087234113
2003-06-06,0.06781698,0.101011191,0.067885566,0.05707928,0.044600761,0.08929688,,,,,,,,
2003-06-13,0.049821579,0.079044537,0.091296354,0.112822237,0.003046649,0.080278336,,,,,,,,
2003-06-20,0.022688286,0.053814831,0.117759967,0.170022722,-0.002209162,0.115545997,,,,,,,,
2003-06-27,0.008789449,0.038003038,0.100561528,0.142619878,-0.04357673,0.076111571,,,,,,,,
2003-06-30,,,,,,,0.350877553,0.049687198,-0.461551462,-3.977797146,-0.27265569,4.851697744,-0.816331064,-0.430949648
2003-07-04,0.043282611,0.049796974,0.114231273,0.172418971,-0.056956373,0.053967715,,,,,,,,
2003-07-11,0.033613387,0.031391076,0.094395026,0.153700882,-0.046292605,0.052273469,,,,,,,,
2003-07-18,0.018344481,-0.022373032,0.061088491,0.118598503,-0.086708602,-0.012192135,,,,,,,,
2003-07-25,0.051561589,0.0221,0.066509268,0.104353299,-0.044965169,-0.000665,,,,,,,,
2003-07-31,,,,,,,0.174978172,0.360620658,-2.090707617,0.289435803,-0.086256475,-6.587517605,1.302950029,2.279701813
2003-08-01,0.06153968,0.047597941,0.089216637,0.119789827,-0.002873325,0.054577955,,,,,,,,
2003-08-08,0.035319694,-0.001358185,0.029771094,0.035386688,0.008465661,0.037763251,,,,,,,,
2003-08-15,0.037239463,0.041804485,0.06975028,0.06162457,0.061488176,0.15755643,,,,,,,,
2003-08-22,-0.01747602,0.06923151,0.098648489,0.090600981,0.108369404,0.198726073,,,,,,,,
2003-08-29,-0.040681653,0.043687161,0.06197849,0.055067211,0.070749829,0.192337172,,,,,,,,
2003-08-31,,,,,,,0.349040494,-0.085529727,-1.407024821,2.285813808,0.459177159,1.735819861,0.323102058,1.64591035
2003-09-05,-0.052167197,0.059818167,0.064875747,0.065332886,0.109330839,0.149384991,,,,,,,,
2003-09-12,-0.042834742,0.052478102,0.076075002,0.098946808,0.064995121,0.091119105,,,,,,,,
2003-09-19,-0.013272477,-0.011014276,-0.01457118,-0.010180345,0.028086496,0.01672336,,,,,,,,
2003-09-26,-0.037312167,-0.091188876,-0.113335945,-0.129893333,-0.017381547,-0.099445629,,,,,,,,
2003-09-30,,,,,,,0.347826438,0.0,2.140767319,3.333642027,0.897889592,6.298377586,0.32206147,3.802347843
2003-10-03,-0.038273801,-0.05674389,-0.078681312,-0.082346333,-0.012066114,-0.089176785,,,,,,,,
2003-10-10,0.032807798,-0.005927228,-0.031217273,-0.035400592,-0.055679954,-0.022629568,,,,,,,,
2003-10-17,0.044670728,-0.007642135,0.008501785,0.001709119,-0.065832742,-0.003175977,,,,,,,,
2003-10-24,0.051228943,0.015220051,0.047174252,0.048618148,-0.075037544,0.009180187,,,,,,,,
2003-10-31,0.139613257,0.067097726,0.130328005,0.145310671,-0.053909142,0.133253184,0.692044284,0.292299253,0.790269305,-2.2100347,0.085094318,-0.901719365,0.321027563,19.0320233
2003-11-07,0.121105475,0.066679036,0.114933877,0.096840229,-0.025115999,0.161218833,,,,,,,,
2003-11-14,0.096283804,-0.013942274,0.076081449,0.033236446,0.024153026,0.127202957,,,,,,,,
2003-11-21,0.047036134,0.018331546,0.036785897,0.008802015,0.028174955,0.101376641,,,,,,,,
2003-11-28,0.050583575,0.047241411,0.056726906,0.017098598,0.050213662,0.104676395,,,,,,,,
2003-11-30,,,,,,,0.344234419,0.183934912,-0.344507161,-1.974676293,-0.184462628,-4.067103973,0.160128137,-6.813590416
2003-12-05,-0.00169015,0.119176401,0.003409279,-0.045247263,0.031161608,0.02613522,,,,,,,,
2003-12-12,0.000862,0.129924721,0.011752261,-0.027182225,0.021027387,0.036677973,,,,,,,,
2003-12-19,0.042671413,0.17611864,0.03686057,-0.014436509,0.070172064,0.086694701,,,,,,,,
2003-12-26,0.034681439,0.053069428,0.013334281,-0.034612501,0.083665762,0.09014232,,,,,,,,
2003-12-31,,,,,,,0.684934185,0.598804184,0.237712106,-5.565125455,0.453451252,2.790878812,-2.101936722,16.37509738
2004-01-02,0.05991145,0.063144495,0.039212108,-0.008218668,0.088499962,0.101178937,,,,,,,,
2004-01-09,0.050196274,-0.052062757,0.075432947,0.100823813,0.018875275,0.022252276,,,,,,,,
2004-01-16,0.035897501,-0.046745938,0.064687391,0.106717693,0.00155434,-0.015135108,,,,,,,,
2004-01-23,0.019093181,-0.026295218,0.096642264,0.160368755,-0.022839766,-0.060932392,,,,,,,,
2004-01-30,0.036251239,-0.060352814,0.076349886,0.15672121,-0.05610842,-0.072818994,,,,,,,,
2004-01-31,,,,,,,0.510639407,0.847368705,0.30480708,12.44541745,0.620157026,-6.050994949,3.373813963,-17.65393399
2004-02-06,0.03560815,-0.06410309,0.045066615,0.094487835,-0.045487705,-0.031164008,,,,,,,,
2004-02-13,0.032692482,-0.053600672,0.051843105,0.079474327,0.021866687,0.035238202,,,,,,,,
2004-02-20,0.004226044,-0.079185997,0.028452325,0.052683582,0.027781804,0.069309111,,,,,,,,
2004-02-27,-0.006743274,-0.024442325,0.028612509,0.031231226,0.031684646,0.085898505,,,,,,,,
2004-02-29,,,,,,,0.845313571,0.568270951,-0.417514681,-4.905615699,0.448619847,12.96251377,-0.475060276,-7.524703202
2004-03-05,-0.03553259,0.02117062,0.053591581,0.068535388,0.115064565,0.097358503,,,,,,,,
2004-03-12,-0.073457144,-0.029786007,-0.029001451,-0.019046858,0.037621605,0.009223428,,,,,,,,
2004-03-19,-0.01405563,-9.59e-05,0.006984151,0.016636566,0.034812367,0.030706729,,,,,,,,
2004-03-26,-0.007702784,-0.044435521,-0.009119901,0.004364527,0.004615226,0.01656842,,,,,,,,
2004-03-31,,,,,,,0.671143459,-0.052726395,0.251189306,-2.54610642,0.960541944,-3.307525168,-3.226086222,30.14060486
2004-04-02,0.001785536,-0.044905697,0.013241935,0.031199621,-0.022702196,0.01864864,,,,,,,,
2004-04-09,0.033130607,0.004810291,0.069046722,0.093771206,-0.019573575,0.027192271,,,,,,,,
2004-04-16,0.022506435,0.081130912,0.066713351,0.093037149,0.014983424,-0.004922436,,,,,,,,
2004-04-23,0.048912465,0.236952999,0.088156229,0.132922691,0.023430878,-0.019725198,,,,,,,,
2004-04-30,0.0517,0.168,-0.014624437,-0.000304,0.00068,-0.115,0.167084416,-0.338990837,-3.894222509,3.933091206,0.0,-1.426049122,0.653597098,-3.176704233
2004-05-07,0.019727881,0.065282797,-0.08206148,-0.075265862,-0.062403642,-0.126017896,,,,,,,,
2004-05-14,-0.08659376,0.046511318,-0.189757151,-0.195918521,-0.18412797,-0.202896718,,,,,,,,
2004-05-21,-0.07261747,-0.044980814,-0.17588568,-0.202933792,-0.159544934,-0.148910993,,,,,,,,
2004-05-28,-0.090873152,0.034508028,-0.114720932,-0.139063303,-0.111009072,-0.129777425,,,,,,,,
2004-05-31,,,,,,,0.0,-0.55276856,2.421854535,-2.793477733,-0.083160088,0.71556656,-0.653597098,-15.51437506
2004-06-04,-0.068421855,0.039170248,-0.09966944,-0.13597222,-0.111234317,-0.123568322,,,,,,,,
2004-06-11,-0.029102523,0.078209936,-0.087971268,-0.151979521,-0.026127916,-0.092913473,,,,,,,,
2004-06-18,0.015325966,-0.047217992,-0.061328244,-0.129303267,-0.006667807,-0.077629125,,,,,,,,
2004-06-25,0.023279746,-0.094413297,-0.027720738,-0.062989381,-0.035858816,-0.05752196,,,,,,,,
2004-06-30,,,,,,,0.16680571,0.362960738,-0.089082517,1.685433155,0.0,1.063839821,3.701146498,-10.11562411
2004-07-02,0.006110406,-0.128330463,-0.058857449,-0.111346552,-0.049975248,-0.007903256,,,,,,,,
2004-07-09,0.005829153,-0.082286017,-0.02646865,-0.070474447,-0.027033402,0.0130311,,,,,,,,
2004-07-16,0.013964336,-0.066173862,0.004183938,-0.034718736,-0.044240519,0.014144609,,,,,,,,
2004-07-23,-0.026938399,-0.020201712,-0.021373472,-0.074945932,-0.039987887,0.046210036,,,,,,,,
2004-07-30,-0.038690892,-0.052604646,-0.040487316,-0.105066352,-0.029027669,0.00546912,,,,,,,,
2004-07-31,,,,,,,-0.16680571,-0.243303741,-0.423528366,2.747425555,0.608240747,-2.681125745,-1.271877241,-1.355552823
2004-08-06,-0.070364791,-0.036040037,-0.014238119,-0.043699925,0.032649178,-0.00385953,,,,,,,,
2004-08-13,-0.013882363,0.033458775,0.038358733,0.018407788,0.160878279,0.094692416,,,,,,,,
2004-08-20,-0.004331637,0.05043812,0.046937022,0.041840622,0.143386826,0.087004872,,,,,,,,
2004-08-27,0.02769217,0.094573268,0.074751174,0.094391202,0.197741291,0.102166806,,,,,,,,
2004-08-31,,,,,,,-0.167084416,-0.274981324,4.419451335,-0.271370587,0.864499381,4.082199452,-2.429269257,2.444973645
2004-09-03,0.082901529,0.13593122,0.073836562,0.052207795,0.193361452,0.183712318,,,,,,,,
2004-09-10,0.089170557,0.080334382,0.08824367,0.072664397,0.157011267,0.162127513,,,,,,,,
2004-09-17,0.115260181,0.072131491,0.082738999,0.060493424,0.147645968,0.137811004,,,,,,,,
2004-09-24,0.109402556,0.04434094,0.051524101,0.01762428,0.109205104,0.093153385,,,,,,,,
2004-09-30,,,,,,,0.333890127,1.082237742,-3.19883276,2.150620522,0.0,1.038071605,3.858999727,2.296346968
2004-10-01,0.108606817,-0.061680284,0.064551886,0.032291635,0.116646024,0.09306792,,,,,,,,
2004-10-08,0.071579827,-0.031971659,0.084302222,0.075037088,0.093205252,0.126214002,,,,,,,,
2004-10-15,-0.0121,-0.08403161,0.000386,-0.027310829,0.125,0.04540941,,,,,,,,
2004-10-22,-0.053748077,-0.109169919,-0.022718647,-0.033420454,0.079827931,0.008110013,,,,,,,,
2004-10-29,-0.048438812,-0.026780739,-0.025522096,-0.045815189,0.140242094,-0.042657948,,,,,,,,
2004-10-31,,,,,,,0.166527932,-0.008787346,-0.739791131,2.624822607,0.0,-4.39824626,-3.042668663,7.517927158
2004-11-05,-0.009696438,-0.019638679,-0.020805352,-0.044098749,0.103892563,-0.035267825,,,,,,,,
2004-11-12,0.051294318,-0.032805415,0.001531516,-0.022669357,0.104915016,-0.011929184,,,,,,,,
2004-11-19,0.048347165,0.010122195,0.027745236,0.025897889,0.041735761,0.007872094,,,,,,,,
2004-11-26,0.0468,0.002569301,0.025100043,-0.008062082,0.000831,0.039378893,,,,,,,,
2004-11-30,,,,,,,0.332226219,-0.219934988,-0.006014468,-2.624822607,-0.602989356,-0.722024797,0.486618965,-7.650199979
2004-12-03,0.053615728,-0.021784731,0.029478094,-0.013258415,0.026558198,0.063439481,,,,,,,,
2004-12-10,-0.009422895,-0.013143852,-0.044975127,-0.080692932,-0.026516115,-0.01124277,,,,,,,,
2004-12-17,0.0198,0.02709245,0.000412,-0.008532395,0.00011,-0.053300188,,,,,,,,
2004-12-24,0.059535741,0.012570953,0.005856398,-0.014903471,0.037456,-0.075917079,,,,,,,,
2004-12-31,0.074756782,0.024090777,0.024192778,0.046050079,0.081836254,-0.057616824,0.0,0.702095999,0.102774734,0.530505223,0.17853469,-3.502662211,1.286191364,4.365082488
2005-01-07,0.020983618,0.083976473,0.011654369,0.045372246,0.128364585,-0.091922425,,,,,,,,
2005-01-14,0.063807335,0.066909008,0.060676415,0.096568958,0.144502162,-0.017725313,,,,,,,,
2005-01-21,0.039666304,0.036379012,0.07252096,0.110068619,0.115392497,0.022116194,,,,,,,,
2005-01-28,0.018394502,0.041104344,0.06633802,0.096777326,0.119743526,0.078234595,,,,,,,,
2005-01-31,,,,,,,0.33112613,-0.455801289,-1.089040568,-4.879016417,0.969489399,10.32945932,-1.935544295,-7.052706155
2005-02-04,0.056504735,-0.005384364,0.08491244,0.101948154,0.066948671,0.070177758,,,,,,,,
2005-02-11,0.075242087,-0.026203511,0.089776528,0.101579738,0.063284212,0.081181133,,,,,,,,
2005-02-18,0.071848644,0.027241163,0.096490214,0.094250982,0.067317697,0.144612882,,,,,,,,
2005-02-25,0.09849471,0.073578413,0.093780342,0.070117725,0.079150581,0.100278422,,,,,,,,
2005-02-28,,,,,,,0.165152804,0.140467957,-0.083613001,-1.11733006,0.406835386,-3.267702603,1.294516459,-17.3173349
2005-03-04,0.144179779,0.140182815,0.089023453,0.042319641,0.12021695,0.125535744,,,,,,,,
2005-03-11,0.121271714,0.162965334,0.080384634,0.030784556,0.104718981,0.137409025,,,,,,,,
2005-03-18,0.089146981,0.06833612,0.00298015,-0.057367669,0.024283837,0.006923524,,,,,,,,
2005-03-25,0.016334083,-0.026967351,-0.031957497,-0.056646923,-0.019632964,-0.027049806,,,,,,,,
2005-03-31,,,,,,,0.493828164,0.293467283,0.565937434,0.839165764,0.607166407,-1.585936324,0.800644789,28.62152874
2005-04-01,-0.006023972,-0.012826121,-0.017671781,-0.020312374,-0.040524689,-0.009431796,,,,,,,,
2005-04-08,-0.038794029,-0.041922918,-0.010797493,0.001260376,-0.04559468,-0.036479087,,,,,,,,
2005-04-15,-0.065099296,-0.061142767,-0.045506322,-0.029381827,-0.05644107,-0.0485386,,,,,,,,
2005-04-22,-0.028144551,-0.006969713,-0.033977334,-0.03582138,0.013275375,-0.016654818,,,,,,,,
2005-04-29,-0.023703806,-0.042907982,-0.081516308,-0.090099972,0.012054625,-0.094856425,,,,,,,,
2005-04-30,,,,,,,0.164068946,-0.306627775,0.741211392,2.747425555,0.094117654,0.884179058,0.952388151,-1.857301153
2005-05-06,-0.015022607,-0.053456832,-0.057816996,-0.060008358,-0.009127148,-0.071164767,,,,,,,,
2005-05-13,-0.035681894,-0.056500013,-0.052000716,-0.019907978,-0.036680828,-0.103213042,,,,,,,,
2005-05-20,-0.000716,-0.027998911,0.006922332,0.049083891,0.002693788,-0.064880614,,,,,,,,
2005-05-27,0.014,0.04337151,0.038107513,0.072307016,-0.000602,0.018290583,,,,,,,,
2005-05-31,,,,,,,0.490597877,0.061400818,-0.348180543,0.27063616,-0.094117654,1.918105885,0.0,-1.782911744
2005-06-03,0.014120835,0.03817269,0.050426065,0.066951196,0.051491536,0.064566713,,,,,,,,
2005-06-10,0.02873754,0.040393339,0.043810236,0.038792392,0.127156781,0.121578522,,,,,,,,
2005-06-17,0.046944579,0.052950836,0.048097373,0.017657553,0.12914687,0.155096862,,,,,,,,
2005-06-24,0.040806337,0.007439263,0.027051633,-0.013560018,0.174835649,0.157025381,,,,,,,,
2005-06-30,,,,,,,0.325733187,-0.021924536,0.55759023,0.0,-0.309868891,3.395912054,0.47281412,-2.97018786
2005-07-01,0.046068433,0.005141662,0.036492196,0.008062819,0.156147067,0.147092529,,,,,,,,
2005-07-08,0.025216991,0.00990903,0.045434435,0.027156776,0.069211341,0.103092594,,,,,,,,
2005-07-15,0.04882932,0.041861185,0.068183689,0.072117911,0.072291411,0.075235637,,,,,,,,
2005-07-22,0.065323225,0.07807214,0.073179341,0.084156627,0.05952247,0.050966211,,,,,,,,
2005-07-29,0.038949541,0.103555006,0.090386698,0.114093808,0.116060023,0.079223349,,,,,,,,
2005-07-31,,,,,,,0.32467561,-0.100914823,1.677905962,6.284790366,0.403986545,4.408877298,0.783089358,-3.042338425
2005-08-05,0.025416305,0.039432195,0.059467268,0.073388682,0.124828558,0.047389308,,,,,,,,
2005-08-12,0.00587362,0.091484023,0.075642415,0.072897736,0.160004094,0.071861915,,,,,,,,
2005-08-19,-0.04203616,0.019136381,0.019971453,0.004975772,0.112227519,0.029743713,,,,,,,,
2005-08-26,-0.033083256,-0.009149684,0.004349145,-0.018429165,0.018010491,0.01010141,,,,,,,,
2005-08-31,,,,,,,0.323624878,-0.074654725,-1.778704286,-3.093030069,0.308621513,-7.977650243,0.311526732,12.19528029
2005-09-02,-0.018,0.02299216,0.026474871,-0.007776163,0.000595,0.016362412,,,,,,,,
2005-09-09,0.023482034,0.042381191,0.043274338,0.029773736,-0.020343382,0.011929012,,,,,,,,
2005-09-16,0.054534757,0.041224497,0.053166826,0.032768394,-0.018839206,0.02597357,,,,,,,,
2005-09-23,0.075160153,0.077905286,0.070669086,0.041085942,0.073442674,0.057103928,,,,,,,,
2005-09-30,0.141547627,0.11156162,0.085578103,0.051704559,0.137372247,0.121404035,0.322580925,0.219413815,-6.115699436,-1.849458264,0.494488144,0.345423487,0.310559256,-0.784156346
2005-10-07,0.131948199,0.077001707,0.038851463,0.016556674,0.107742489,0.085175671,,,,,,,,
2005-10-14,0.101093373,0.077051091,-0.001082841,-0.031802572,0.122748428,0.12420485,,,,,,,,
2005-10-21,0.115351192,0.049304135,-0.015725261,-0.031707855,0.08775809,0.138172305,,,,,,,,
2005-10-28,0.010115677,-0.003970595,-0.064545846,-0.076552598,0.017999388,0.062382026,,,,,,,,
2005-10-31,,,,,,,0.481928644,0.258290611,4.39497076,2.631730832,-0.200173551,4.220035449,0.154918699,2.635745224
2005-11-04,0.046016279,0.022770325,0.003318885,0.008086115,0.055897091,0.121261057,,,,,,,,
2005-11-11,0.068267947,0.047372814,0.045310842,0.056366833,0.087452996,0.125775062,,,,,,,,
2005-11-18,0.088992232,0.072238338,0.064310729,0.083067024,0.110991243,0.126914413,,,,,,,,
2005-11-25,0.153865716,0.133232614,0.090009732,0.080859024,0.172988678,0.218963444,,,,,,,,
2005-11-30,,,,,,,0.956945102,0.349162366,0.433563191,5.064373282,-0.40155321,1.80185055,2.295433607,1.928862792
2005-12-02,0.110238941,0.121442757,0.096045405,0.106605342,0.15784622,0.156285091,,,,,,,,
2005-12-09,0.065488869,0.090643532,0.048570533,0.047694536,0.071861758,0.140224196,,,,,,,,
2005-12-16,0.036774909,0.061612029,0.023490328,0.010789263,0.07724512,0.137699687,,,,,,,,
2005-12-23,-0.006861097,0.069739422,0.058228644,0.093617194,0.038546298,0.094142394,,,,,,,,
2005-12-30,0.002941622,0.089619835,0.056054336,0.103030919,0.033154524,0.091423025,,,,,,,,
2005-12-31,,,,,,,0.632913505,0.060978267,-0.832310238,5.756985182,0.308001583,3.037803536,2.98084663,6.356212768
2006-01-06,0.104997579,0.173421296,0.059841322,0.090860916,0.089983743,0.078132481,,,,,,,,
2006-01-13,0.101199463,0.175986669,0.069784286,0.109144445,0.105461861,0.021518484,,,,,,,,
2006-01-20,0.020903894,0.066985822,0.002284827,0.044619874,-0.031315734,-0.108340828,,,,,,,,
2006-01-27,0.028428914,0.075848078,0.013292453,0.055583378,-0.026596722,-0.061499373,,,,,,,,
2006-01-31,,,,,,,0.628932891,0.538476201,0.790805082,-6.004204097,0.586590137,-0.473560475,-3.132247113,-14.0201596
2006-02-03,-0.055992858,-0.047253302,-0.027857288,0.00987268,-0.14026849,-0.156210989,,,,,,,,
2006-02-10,-0.115584434,-0.124264651,-0.042180589,-0.013485398,-0.162385817,-0.124548115,,,,,,,,
2006-02-17,-0.043670432,-0.086040161,-0.030816542,-0.024093344,-0.104895949,-0.041339253,,,,,,,,
2006-02-24,0.030960981,-0.027753422,0.010668827,-0.023916983,0.027367034,0.0301016,,,,,,,,
2006-02-28,,,,,,,0.312989301,0.012991794,0.071238033,1.717833654,0.199190027,3.268773513,0.0,-3.947334008
2006-03-03,0.017379153,-0.05339957,-0.022525234,-0.07600411,0.009558696,0.013963633,,,,,,,,
2006-03-10,0.028528884,-0.007185435,-0.022224893,-0.093776231,0.06565572,0.067594802,,,,,,,,
2006-03-17,0.0385,-0.001100538,-0.000436,-0.063436199,0.111,0.027172666,,,,,,,,
2006-03-24,-0.003512325,-0.056751342,-0.034437182,-0.095804507,0.051893618,0.002441567,,,,,,,,
2006-03-31,0.01226345,-0.018684372,-0.005832297,-0.048602845,0.078430613,0.038958915,0.467654788,0.155770011,-0.199534774,-0.978002905,0.595200487,1.066270574,1.503787736,22.28649674
2006-04-07,0.052986475,0.045226076,0.03986839,0.022339937,0.148360684,0.068903939,,,,,,,,
2006-04-14,0.057841855,0.067918418,0.062449065,0.043797395,0.150567467,0.107955878,,,,,,,,
2006-04-21,0.056832172,0.090688504,0.080840049,0.090298978,0.201765513,0.13841351,,,,,,,,
2006-04-28,0.026167006,0.083984111,0.037255321,0.03501344,0.167300136,0.036751214,,,,,,,,
2006-04-30,,,,,,,0.310559256,-0.034594595,-0.62560528,0.49019706,0.092269169,1.05502109,0.446761726,-1.211490219
2006-05-05,0.00244517,0.054337149,0.015309882,-0.003767475,0.134056354,0.006744361,,,,,,,,
2006-05-12,-0.022312458,0.015927338,0.002537855,-0.008700956,0.088518507,0.005546152,,,,,,,,
2006-05-19,-0.069197927,-0.061029828,-0.056993552,-0.048976674,-0.083333154,-0.098536066,,,,,,,,
2006-05-26,-0.109697501,-0.099803736,-0.082591337,-0.076766729,-0.12466488,-0.132300723,,,,,,,,
2006-05-31,,,,,,,0.464037956,0.125348507,0.612749614,0.730819331,0.19743343,1.340303013,0.296736123,-0.018964805
2006-06-02,-0.101797813,-0.108839835,-0.080868046,-0.061352076,-0.199070518,-0.152624415,,,,,,,,
2006-06-09,-0.161594757,-0.119469123,-0.146942973,-0.132658381,-0.286776572,-0.212779995,,,,,,,,
2006-06-16,-0.103862838,0.022839354,-0.122360195,-0.149058679,-0.162798626,-0.138875044,,,,,,,,
2006-06-23,-0.109276907,0.058718027,-0.102603246,-0.141840097,-0.210515536,-0.059481516,,,,,,,,
2006-06-30,-0.030171019,0.149232614,-0.016416748,-0.038628606,-0.094777426,0.054298419,0.154202035,0.02159594,0.086021105,0.484262448,-0.19743343,-7.206181934,0.0,-3.078113268
2006-07-07,-0.0251,0.130015028,-0.000169,-0.018216149,0.032,0.117930661,,,,,,,,
2006-07-14,-0.024372693,0.075446118,0.004745874,0.00357967,0.039384661,0.080739734,,,,,,,,
2006-07-21,-0.019097346,-0.007666457,0.027654733,0.047026321,0.081162397,0.056426634,,,,,,,,
2006-07-28,0.019627029,-0.030440348,0.01999135,0.026993647,0.136664165,0.041861852,,,,,,,,
2006-07-31,,,,,,,-0.463321292,-0.008637816,0.322306314,-7.783098464,0.394477829,1.577319768,-4.236639637,-6.060756034
2006-08-04,-0.001244695,-0.045878995,0.021139633,0.036344685,0.065138743,-0.001449514,,,,,,,,
2006-08-11,-0.000389,-0.020912472,0.026494768,0.048762675,0.015138921,-0.051160422,,,,,,,,
2006-08-18,0.019143134,0.007624289,0.067081077,0.114247784,0.008894509,0.008057635,,,,,,,,
2006-08-25,-0.008651347,0.038901685,0.054389073,0.087102489,-0.020477291,0.010432677,,,,,,,,
2006-08-31,,,,,,,0.309119257,0.142428648,0.049698821,8.983593074,0.588814263,7.823536939,2.894337604,11.484106
2006-09-01,0.015312329,0.067352063,0.059157244,0.087031646,0.029805042,0.034901091,,,,,,,,
2006-09-08,0.043065677,0.044119459,0.047743819,0.054265564,0.042099004,0.098264367,,,,,,,,
2006-09-15,0.062088,0.021288307,0.049927528,0.048336019,0.044902514,0.111426919,,,,,,,,
2006-09-22,0.084219083,-0.017733185,0.019107586,-0.006129628,0.056152799,0.081748439,,,,,,,,
2006-09-29,0.0649747,-0.01730087,0.026781652,0.005227808,0.041336548,0.10467488,,,,,,,,
2006-09-30,,,,,,,0.615386557,0.073293241,-0.780619177,4.662849315,0.286607804,0.144613185,0.449438959,8.173370047
2006-10-06,0.025249269,-0.040848986,0.004271847,-0.020723556,0.001558069,0.043901505,,,,,,,,
2006-10-13,0.019,-0.04073835,-0.000193,-0.030400242,-0.0081,-0.003239086,,,,,,,,
2006-10-20,-0.023583303,0.006365445,-0.003891514,-0.047269972,0.047502577,0.004948622,,,,,,,,
2006-10-27,-0.015777831,0.018038726,-0.010593952,-0.061002022,0.098064243,-0.02131475,,,,,,,,
2006-10-31,,,,,,,1.219527309,0.236757821,0.63914585,0.6810469,-0.482494253,-0.144613185,1.924559772,-10.19211573
2006-11-03,0.029537647,0.063027389,-0.003442601,-0.063206348,0.143327445,-0.002003249,,,,,,,,
2006-11-10,0.033479244,0.065629033,0.01483561,-0.023652684,0.122130464,0.025894282,,,,,,,,
2006-11-17,0.037193564,0.062476305,0.027811589,0.019675126,0.115421204,0.038840179,,,,,,,,
2006-11-24,0.055548382,0.073827017,0.033141488,0.028965141,0.076465549,0.059250296,,,,,,,,
2006-11-30,,,,,,,0.754720564,0.304806298,-0.616408716,0.0,-0.484833551,1.579358026,-0.146735169,10.29503801
2006-12-01,0.037851309,0.064594355,0.032740581,0.029481075,0.092517988,0.065351912,,,,,,,,
2006-12-08,0.05453107,0.002946976,-0.017558271,-0.025260045,0.07884356,0.017259784,,,,,,,,
2006-12-15,0.046742563,0.015502453,-0.005386515,-0.048341106,0.101338541,0.070688397,,,,,,,,
2006-12-22,0.050416893,0.047079148,-0.006620331,-0.055556165,0.034991865,0.073307972,,,,,,,,
2006-12-29,0.054413969,0.035669464,-0.010200812,-0.040592189,-0.013267926,0.060066296,,,,,,,,
2006-12-31,,,,,,,0.300300526,0.248309058,-0.049452862,17.77864016,0.288562635,-1.290340484,4.311012365,-2.412935687
2007-01-05,0.002706272,0.000564,-0.02042591,-0.026208939,-0.117827542,0.035237781,,,,,,,,
2007-01-12,-0.019139114,0.013619067,-0.015549396,-0.006450241,-0.098551612,0.026597702,,,,,,,,
2007-01-19,-0.045950652,-0.054959255,-0.053787918,-0.055746223,-0.148808358,-0.036906675,,,,,,,,
2007-01-26,-0.045809929,-0.069017848,-0.043958627,-0.051089656,-0.10880527,-0.04098729,,,,,,,,
2007-01-31,,,,,,,0.299401421,0.375571266,-0.30117049,-15.32041582,0.196270917,4.927104901,-3.143115879,1.536699468
2007-02-02,-0.029659265,-0.036213864,-0.010650644,-0.049032153,-0.023690108,-0.019864482,,,,,,,,
2007-02-09,-0.008872129,-0.021346478,0.022112825,-0.031055018,0.01011269,0.016170281,,,,,,,,
2007-02-16,-0.026882338,-0.00822,0.04829957,0.000833,0.083873107,0.025,,,,,,,,
2007-02-23,-0.019720306,0.017045266,0.070295235,0.033208738,0.145094475,0.057348685,,,,,,,,
2007-02-28,,,,,,,0.447428039,0.05110515,-4.27364884,2.18349286,0.677438755,2.843793532,3.28366404,-10.51459973
2007-03-02,-0.048652225,-0.026794958,0.020810027,-0.014329012,0.038056003,0.067286309,,,,,,,,
2007-03-09,-0.046547913,-0.033346695,0.017798786,0.011343914,0.006745309,0.078962418,,,,,,,,
2007-03-16,-0.034868855,-0.034,0.012345419,0.000349,-0.040373962,0.0859,,,,,,,,
2007-03-23,0.012041107,-0.010386889,0.011817311,-0.008229977,-0.054265322,0.151710038,,,,,,,,
2007-03-30,0.026837458,0.006411207,0.032025935,-0.007789232,-0.0171668,0.152289504,,,,,,,,
2007-03-31,,,,,,,0.445435035,0.127648728,3.400235495,-0.65005646,0.56965457,-5.066107211,-0.422238488,10.63293576
2007-04-06,0.02661088,0.050311929,0.070319477,0.035487893,0.047686074,0.229530872,,,,,,,,
2007-04-13,0.060615355,0.085424882,0.077132528,0.044287588,0.134610679,0.250759963,,,,,,,,
2007-04-20,0.082794155,0.139691326,0.067614594,0.004681355,0.181403227,0.239313478,,,,,,,,
2007-04-27,0.062998584,0.109688015,0.067758755,0.026308985,0.133374942,0.192003694,,,,,,,,
2007-04-30,,,,,,,0.443459707,-0.068059044,0.339938175,-2.420360174,0.386548607,5.066107211,-1.277519149,4.073832523
2007-05-04,0.078263012,0.071518115,0.068935557,0.016220411,0.152452623,0.154823163,,,,,,,,
2007-05-11,0.089664352,0.072177426,0.088020744,-0.007484637,0.109201826,0.143138671,,,,,,,,
2007-05-18,0.062869883,0.039593113,0.063140602,-0.027363376,0.093586112,0.097691497,,,,,,,,
2007-05-25,0.038359496,0.013957181,0.081132144,-0.010464979,0.181682093,0.097558746,,,,,,,,
2007-05-31,,,,,,,0.441501821,0.021273427,0.029440993,2.420360174,0.102827773,-5.770831762,1.699757637,-1.027030196
2007-06-01,0.058304153,0.108847331,0.101653147,-0.012820632,0.236573122,0.204300938,,,,,,,,
2007-06-08,0.094263342,0.081271726,0.086145274,0.026440366,0.198442248,0.131767218,,,,,,,,
2007-06-15,0.135645181,0.067467955,0.099641198,0.054877524,0.172331468,0.107912495,,,,,,,,
2007-06-22,0.083434084,0.028642725,0.096288012,0.089210629,0.076395703,0.100133846,,,,,,,,
2007-06-29,0.059681923,-0.021317102,0.052185755,0.047628345,-0.011771836,0.011124498,,,,,,,,
2007-06-30,,,,,,,0.146735169,0.14878741,0.582812117,-1.754430965,0.0,-0.995033085,-1.557002438,-7.735640748
2007-07-06,0.077580413,0.019968014,0.10324977,0.111771703,0.05123344,0.058608528,,,,,,,,
2007-07-13,0.051797471,0.064021139,0.135631059,0.140516174,0.122636661,0.099303536,,,,,,,,
2007-07-20,0.098559621,0.117344668,0.119916946,0.108693276,0.18078391,0.094266842,,,,,,,,
2007-07-27,0.078813002,0.081081785,0.070089622,0.031577859,0.100792768,0.056366852,,,,,,,,
2007-07-31,,,,,,,0.438918042,0.008495455,-2.964264292,-0.221484033,0.371866813,-2.898753687,-0.71582267,6.072634567
2007-08-03,0.029031917,0.027230575,0.038359091,0.011361301,0.095462251,0.037674989,,,,,,,,
2007-08-10,-0.016709286,-0.01976357,-0.049334868,-0.043817793,0.00324777,-0.0463787,,,,,,,,
2007-08-17,-0.169525085,-0.206276499,-0.189850715,-0.137613438,-0.246754061,-0.281050787,,,,,,,,
2007-08-24,-0.077159223,-0.089320778,-0.070517012,-0.062265086,-0.046202915,-0.117910151,,,,,,,,
2007-08-31,-0.008104787,0.000739,0.007038027,-0.016980298,0.026079575,-0.015625807,0.436999967,-0.004247637,1.189471405,2.625971458,0.10234106,4.598511324,1.142869582,5.448651961
2007-09-07,0.000604,0.038364523,0.024774326,-0.042799569,0.030724918,-0.036847835,,,,,,,,
2007-09-14,0.080595021,0.126988196,0.087551418,-0.036532775,0.152248538,0.090759385,,,,,,,,
2007-09-21,0.110870003,0.133581857,0.128065582,-0.030109694,0.191697956,0.19615681,,,,,,,,
2007-09-28,0.004313456,0.068239029,0.07411535,0.012078488,0.046822742,0.077830571,,,,,,,,
2007-09-30,,,,,,,0.145243308,0.110379973,0.82711746,-0.432901109,0.573725039,-7.887298009,1.969121289,-10.09069088
2007-10-05,0.036583114,0.038907986,0.055141431,-0.002220871,0.094003583,0.109893315,,,,,,,,
2007-10-12,0.047091902,0.093347336,0.072291914,0.025355811,0.08638952,0.246349028,,,,,,,,
2007-10-19,0.015167079,0.068047661,0.022752066,0.004010911,0.048264886,0.162706886,,,,,,,,
2007-10-26,0.058272101,0.107705616,0.029923866,-0.00743444,0.08825901,0.272007574,,,,,,,,
2007-10-31,,,,,,,0.578872818,0.250026616,0.173340245,-2.860481058,0.177822986,6.187540372,-0.278940209,23.44195418
2007-11-02,0.104073791,0.0996815,0.02456431,-0.022271065,0.004957421,0.306230851,,,,,,,,
2007-11-09,0.053365205,0.028125974,-0.002955978,0.007588717,-0.060686859,0.112788387,,,,,,,,
2007-11-16,-0.041217328,-0.023510918,-0.037741821,0.022614458,-0.114395652,-0.025829492,,,,,,,,
2007-11-23,-0.141493833,-0.167091699,-0.106407665,-0.001669026,-0.239544082,-0.193017526,,,,,,,,
2007-11-30,-0.096153961,-0.097862951,-0.052198081,0.026003071,-0.115169811,-0.161423128,0.431966114,0.266289229,0.421821471,1.330396563,0.0,5.826890812,0.139567364,-0.926074629
2007-12-07,-0.115564853,-0.090215193,-0.031849418,0.065409528,-0.054458696,-0.170581663,,,,,,,,
2007-12-14,-0.100738162,-0.058401864,-0.040708252,0.007932682,-0.005597552,-0.151074205,,,,,,,,
2007-12-21,-0.009934929,0.015394216,-0.008454498,-0.01119946,0.05556635,-0.055996698,,,,,,,,
2007-12-28,0.02271652,0.0621,0.008546968,-0.000794,0.086640338,-0.0346,,,,,,,,
2007-12-31,,,,,,,0.858374369,0.160276722,0.719380711,1.746769304,0.379987791,2.133414247,0.971555179,-10.15358015
2008-01-04,-0.000994,-0.01395167,-0.054411867,-0.070372809,0.097103521,-0.052855582,,,,,,,,
2008-01-11,-0.001357904,-0.062787009,-0.086429995,-0.11917066,0.004280437,-0.018332424,,,,,,,,
2008-01-18,-0.031951888,-0.131857673,-0.089687836,-0.036308784,-0.081137698,-0.050429907,,,,,,,,
2008-01-25,-0.077442648,-0.166171297,-0.0915183,-0.023103387,-0.152087408,-0.108551078,,,,,,,,
2008-01-31,,,,,,,0.568183347,0.23573003,-0.710811888,5.2699232,0.466671718,-3.76388515,0.688233962,7.907363126
2008-02-01,-0.145433153,-0.195810589,-0.123588947,-0.012315239,-0.326761599,-0.249736503,,,,,,,,
2008-02-08,-0.105162825,-0.119285739,-0.053004592,0.065364203,-0.209441027,-0.152901884,,,,,,,,
2008-02-15,-0.062963289,-0.066808704,-0.004632135,0.049669928,-0.115620771,-0.015298139,,,,,,,,
2008-02-22,-0.030107539,-0.021893504,0.004817425,0.01940753,-0.001997617,0.085029397,,,,,,,,
2008-02-29,0.017168036,0.011841974,0.049315801,0.010952298,0.109728319,0.202133575,0.28288562,-0.033641716,-0.083676272,-3.553142838,0.376790197,-1.101939525,-1.242252,-11.48528684
2008-03-07,-0.024843571,-0.000969,0.024116557,-0.009607234,0.058069172,0.152807767,,,,,,,,
2008-03-14,-0.066856934,-0.02778458,-0.049094068,-0.032404833,-0.078929154,0.010546821,,,,,,,,
2008-03-21,-0.112647565,-0.008290966,-0.007870988,0.057006587,-0.069470837,-0.024463741,,,,,,,,
2008-03-28,-0.068399485,0.035330378,0.016051409,0.088189433,-0.038221036,0.009716193,,,,,,,,
2008-03-31,,,,,,,0.282087634,-0.008412198,-0.013174199,7.380397458,0.935810685,-0.834497193,1.242252,12.6423928
2008-04-04,-0.034305301,0.052643596,0.049530533,0.138217854,0.011565359,-0.023726314,,,,,,,,
2008-04-11,0.01469666,0.079129558,0.092779594,0.167521386,0.090754136,-0.015683795,,,,,,,,
2008-04-18,0.046767569,0.097121555,0.083411934,0.120273326,0.090082213,-0.033065377,,,,,,,,
2008-04-25,0.078354569,0.076933956,0.085694608,0.10171959,0.032119627,-0.062311113,,,,,,,,
2008-04-30,,,,,,,-0.14094435,0.029439596,-0.181429693,-0.396040122,0.544960477,3.566907621,0.410678195,13.51520814
2008-05-02,0.05053704,0.045462536,0.065072931,0.103201723,-0.009473789,-0.081611926,,,,,,,,
2008-05-09,0.021838694,0.002409187,0.049265327,0.054449888,-0.081085085,0.006059958,,,,,,,,
2008-05-16,0.049784557,-0.012018438,0.091196243,0.097424195,-0.024331419,0.048595202,,,,,,,,
2008-05-23,0.039647709,-0.037789813,0.044821944,0.024768843,-0.055013553,0.084453377,,,,,,,,
2008-05-30,0.04191978,-0.010609221,0.035174138,0.026521455,-0.025764295,0.090443412,,,,,,,,
2008-05-31,,,,,,,0.14094435,-0.004205126,-4.013965758,-2.613214028,0.824163592,-3.706670047,-1.23712918,-15.53835736
2008-06-06,0.05292527,-0.006266808,0.018700841,-0.01550012,-0.039537744,0.077234996,,,,,,,,
2008-06-13,0.019472762,-0.02796972,-0.056793884,-0.075774188,-0.033459232,-0.02033665,,,,,,,,
2008-06-20,-0.010102088,-0.058796303,-0.068501467,-0.093259673,-0.077570288,-0.090913429,,,,,,,,
2008-06-27,-0.002114458,-0.086177204,-0.090399592,-0.117654817,-0.113514435,-0.136965486,,,,,,,,
2008-06-30,,,,,,,-0.282087634,0.033636058,2.408610213,-9.836984563,0.635000302,-0.420463128,-3.805956182,-3.009723157
2008-07-04,-0.102857383,-0.140407657,-0.169590506,-0.179230123,-0.222979574,-0.298214743,,,,,,,,
2008-07-11,-0.091415856,-0.151343146,-0.143861433,-0.202707265,-0.207209195,-0.206811888,,,,,,,,
2008-07-18,-0.09970028,-0.151788888,-0.134545232,-0.170313627,-0.321196101,-0.177360388,,,,,,,,
2008-07-25,-0.076584065,-0.057103304,-0.07291552,-0.13252047,-0.1223028,-0.059477846,,,,,,,,
2008-07-31,,,,,,,0.0,0.042029169,2.094271823,4.611135196,0.727716977,2.222313678,2.413176008,10.97412946
2008-08-01,-0.029300977,-0.044691359,-0.032496149,-0.11386737,-0.143970829,-0.004310425,,,,,,,,
2008-08-08,0.033704419,-0.009824739,-0.012896478,-0.038601793,-0.06325812,0.039506386,,,,,,,,
2008-08-15,0.041772424,0.017634375,0.00497431,0.014797092,0.033667294,0.015189221,,,,,,,,
2008-08-22,0.009857579,-0.007933931,-0.055829585,-0.045858545,-0.063115084,-0.055478708,,,,,,,,
2008-08-29,-0.035134557,-0.06340249,-0.10441403,-0.095629322,-0.168279234,-0.206833473,,,,,,,,
2008-08-31,,,,,,,0.0,-0.113519321,-2.137379179,-4.386668211,-0.181433373,0.0,0.559442019,-4.986729909
2008-09-05,-0.107459753,-0.085499003,-0.137557009,-0.114245978,-0.153586321,-0.245584944,,,,,,,,
2008-09-12,-0.104866956,-0.033143902,-0.07903689,-0.073430564,-0.046370614,-0.145314277,,,,,,,,
2008-09-19,-0.130411693,-0.053361356,-0.043466331,-0.031548326,-0.034831664,-0.134302657,,,,,,,,
2008-09-26,-0.072588407,-0.030762671,0.01459018,0.027662824,0.037670221,0.015520917,,,,,,,,
2008-09-30,,,,,,,0.141143284,-0.130496114,-16.47154881,-3.421086192,0.084709874,-5.071509258,-2.114243657,1.194292768
2008-10-03,-0.053885356,-0.030009693,0.004925331,0.034505326,0.01630974,0.026962998,,,,,,,,
2008-10-10,-0.15834564,-0.252362729,-0.125116833,-0.030943118,-0.161290307,-0.302888323,,,,,,,,
2008-10-17,-0.130544552,-0.280972417,-0.214946132,-0.112545794,-0.371093883,-0.384535871,,,,,,,,
2008-10-24,-0.331732671,-0.55149246,-0.479417169,-0.375404327,-0.636423919,-0.692276956,,,,,,,,
2008-10-31,-0.228030144,-0.361704331,-0.229816303,-0.09392634,-0.371098342,-0.44811817,0.14094435,0.101044131,14.94159785,0.46296379,-0.084709874,-0.870832789,-1.434744841,-5.359184499
2008-11-07,-0.139895692,-0.165659526,-0.154036861,-0.10657939,-0.27304011,-0.201607263,,,,,,,,
2008-11-14,-0.030447429,-0.0775,-0.095099172,-0.133703372,-0.136682117,-0.000341,,,,,,,,
2008-11-21,-0.005495649,-0.043889437,-0.016137931,-0.054347302,-0.073803667,0.035368929,,,,,,,,
2008-11-28,0.089906082,0.091877908,0.049938454,0.012710968,0.046916161,0.103002893,,,,,,,,
2008-11-30,,,,,,,-0.564973254,0.142971304,0.348366944,-12.27027388,-0.266699152,-8.993108709,-1.016711736,-24.72446552
2008-12-05,0.021141219,-0.106211205,-0.110946368,-0.189456787,-0.141072241,-0.008030609,,,,,,,,
2008-12-12,0.04341195,-0.046932057,-0.004120971,-0.055141786,0.013841041,0.040642979,,,,,,,,
2008-12-19,0.08933849,0.113756351,0.106525694,0.060796403,0.221230335,0.155797105,,,,,,,,
2008-12-26,0.088113825,0.094118004,0.055520954,-0.014914917,0.17162598,0.105367188,,,,,,,,
2008-12-31,,,,,,,-0.853490245,-0.256653133,-1.092842639,1.811174994,0.0,-4.568494252,0.0,8.744644334
2009-01-02,0.082065928,0.13067138,0.098663355,0.037325645,0.232758561,0.15889977,,,,,,,,
2009-01-09,0.035242751,0.117769971,0.10730726,0.093743665,0.236082248,0.116415326,,,,,,,,
2009-01-16,-0.034673823,-0.021849294,-0.005879731,-0.003811035,0.014060886,-0.003863168,,,,,,,,
2009-01-23,-0.068158943,-0.060500676,-0.04076663,-0.046276608,-0.074249348,0.028484494,,,,,,,,
2009-01-30,-0.049200415,0.006338746,0.031754372,0.06363032,0.019947241,0.088163447,,,,,,,,
2009-01-31,,,,,,,-0.429492428,-0.147557943,0.127303617,5.97192347,0.084936,-12.99603854,1.88002645,-12.89524962
2009-02-06,-0.045067442,-0.009865878,0.067370981,0.114547559,-0.01806479,0.060276025,,,,,,,,
2009-02-13,-0.013169499,0.022962539,0.05962707,0.071864953,0.02094159,0.124547064,,,,,,,,
2009-02-20,-0.070686595,-0.053773321,-0.003872706,0.030878368,-0.044175776,-0.007531008,,,,,,,,
2009-02-27,-0.075164039,-0.105137746,-0.022712807,0.026596024,-0.101183835,-0.096017257,,,,,,,,
2009-02-28,,,,,,,0.0,-0.278845928,-0.086100316,5.177626952,0.725078705,12.32601928,2.54610642,-13.28650961
2009-03-06,-0.117206908,-0.160047425,-0.076223568,-0.017763535,-0.208344316,-0.171703562,,,,,,,,
2009-03-13,-0.076610643,-0.081220954,-0.047782547,0.008824528,-0.139989472,-0.145329719,,,,,,,,
2009-03-20,-0.014582935,0.035091749,0.039827126,0.089028899,0.004667675,-0.031363112,,,,,,,,
2009-03-27,0.076379438,0.141368724,0.157526001,0.209135399,0.139945914,0.147241751,,,,,,,,
2009-03-31,,,,,,,0.429492428,-0.262656368,0.495169374,-2.085823012,0.70790385,-4.996732734,-1.264950106,16.50025213
2009-04-03,0.118237139,0.230989209,0.184226323,0.20555031,0.318697913,0.274894494,,,,,,,,
2009-04-10,0.143230647,0.260915575,0.183659989,0.182541597,0.344459051,0.326079509,,,,,,,,
2009-04-17,0.079824922,0.15572182,0.153405062,0.150376558,0.210529814,0.265098188,,,,,,,,
2009-04-24,0.075263404,0.154098335,0.129030274,0.113414779,0.152817329,0.226998639,,,,,,,,
2009-04-30,,,,,,,0.427655677,0.050890586,-0.100411868,3.90405492,0.262686718,2.270839937,0.282486064,7.609609779
2009-05-01,0.07629938,0.109896994,0.087132217,0.053215033,0.082821791,0.141357659,,,,,,,,
2009-05-08,0.082254567,0.111830301,0.063312956,-0.006920171,0.102732986,0.119544808,,,,,,,,
2009-05-15,0.088015535,0.081964188,0.021574114,-0.032931413,0.081477485,0.020904262,,,,,,,,
2009-05-22,0.079467897,0.080282332,0.007243733,-0.044812125,0.076662428,-0.040434878,,,,,,,,
2009-05-29,0.026747203,0.04709353,0.00609693,-0.022866219,0.030459149,-0.070532486,,,,,,,,
2009-05-31,,,,,,,0.2840911,-0.169736101,-0.066263024,16.56671219,0.0,5.051579014,3.465350208,-9.894553056
2009-06-05,-0.024367965,0.00497896,-0.00181943,0.00611828,0.002667184,-0.092581639,,,,,,,,
2009-06-12,-0.028591407,0.013569058,0.024777669,0.047108697,-0.026407363,-0.094266533,,,,,,,,
2009-06-19,-0.0474,0.002629822,0.000911,0.020524909,-0.0333,-0.085137118,,,,,,,,
2009-06-26,-0.032065418,0.003274676,0.011151765,0.061136642,-0.042569467,-0.105432598,,,,,,,,
2009-06-30,,,,,,,0.98801086,0.921587584,0.197568187,3.007745524,-0.083507312,4.964990864,-0.136332673,17.710768
2009-07-03,-0.015992057,0.036579523,0.012159109,0.057354667,-0.025989518,-0.109069032,,,,,,,,
2009-07-10,0.01031703,0.014376582,0.019103173,0.092157208,-0.093416302,-0.140984638,,,,,,,,
2009-07-17,0.010709073,-0.032578645,0.037656415,0.127905121,-0.075941669,-0.13235624,,,,,,,,
2009-07-24,0.044937564,0.041103527,0.084245724,0.139493324,-0.003509792,-0.013302731,,,,,,,,
2009-07-31,0.054233881,0.050278562,0.1082881,0.1469802,0.047570284,0.052443416,0.420463128,-0.311881232,-0.04667436,-16.46999554,0.357398522,-3.659915245,-2.206986129,-15.84084135
2009-08-07,0.025161267,0.050693248,0.104802989,0.108704876,0.104588578,0.114444216,,,,,,,,
2009-08-14,0.022623514,0.07904718,0.10555734,0.110586617,0.144519658,0.129724567,,,,,,,,
2009-08-21,0.002503625,0.056375773,0.084068794,0.113600383,0.057142317,0.003727889,,,,,,,,
2009-08-28,0.001414059,0.029381646,0.067760743,0.104920772,0.06887166,0.009554467,,,,,,,,
2009-08-31,,,,,,,0.418702635,0.151847507,3.016878986,-1.540184461,0.344275285,-1.141006674,0.417537141,3.492182497
2009-09-04,-0.001102066,0.014310565,0.040401117,0.095393048,-0.022742131,-0.051453704,,,,,,,,
2009-09-11,0.039078365,0.057166389,0.053415861,0.088464351,-0.02753849,-0.030562091,,,,,,,,
2009-09-18,0.066409303,0.091489511,0.068190273,0.061673837,0.020670448,0.072241113,,,,,,,,
2009-09-25,0.092545989,0.063173318,0.059196201,0.031564684,-0.00414991,0.054116812,,,,,,,,
2009-09-30,,,,,,,0.416956824,0.265179572,-2.413827522,13.0755926,0.094764281,16.44024006,2.874941329,17.07543664
2009-10-02,0.065314199,0.056582364,0.00592452,-0.012651963,0.005787498,-0.003552458,,,,,,,,
2009-10-09,0.07640003,0.015558272,-0.005219555,-0.047279086,0.051789199,0.02012769,,,,,,,,
2009-10-16,0.055102164,-0.027437695,-0.039289891,-0.076382795,0.014796332,-0.025240926,,,,,,,,
2009-10-23,0.017974178,-0.019174071,-0.04589839,-0.078107524,0.027269438,-0.041889199,,,,,,,,
2009-10-30,-0.001792278,-0.033281673,-0.062568606,-0.094881942,-0.009236095,-0.063475084,,,,,,,,
2009-10-31,,,,,,,0.553251757,-0.092522506,0.051392896,5.488605448,-0.260818168,-9.475400626,1.739174271,-5.699548105
2009-11-06,-0.002188778,-0.04416966,-0.041903219,-0.067025125,-0.015251564,-0.11247237,,,,,,,,
2009-11-13,-0.01365447,-0.029703727,-0.041932437,-0.061327564,-0.009502922,-0.107418308,,,,,,,,
2009-11-20,0.007488484,0.007386225,-0.010448935,-0.004165546,0.034975396,-0.090200821,,,,,,,,
2009-11-27,0.009995599,-0.030535333,-0.046866182,-0.043556812,-0.05078231,-0.152470702,,,,,,,,
2009-11-30,,,,,,,0.412939334,0.012621747,-0.459193107,-1.671348097,0.166053887,8.356507835,-1.604312484,-3.178023162
2009-12-04,0.043654042,0.027686396,0.040966623,0.053772172,0.00144932,-0.033615043,,,,,,,,
2009-12-11,0.046244698,0.025874861,0.07304406,0.089385644,-0.005372022,0.042271752,,,,,,,,
2009-12-18,0.024636862,0.018978008,0.055893296,0.070196067,-0.03137973,0.034991594,,,,,,,,
2009-12-25,0.037826345,0.037781843,0.093463941,0.100552489,0.010955827,0.145382786,,,,,,,,
2009-12-31,,,,,,,0.137268381,-0.299142821,0.113670022,4.575363419,0.354903957,1.673679236,2.001401027,13.8605949
2010-01-01,0.01531941,0.041565721,0.092470031,0.101807991,0.052930378,0.209111451,,,,,,,,
2010-01-08,-0.003394575,0.024434611,0.04682924,0.057483804,0.029344279,0.215943564,,,,,,,,
2010-01-15,-0.01582887,0.008151681,0.039835933,0.064159527,0.0234957,0.201375176,,,,,,,,
2010-01-22,-0.046996383,0.006399361,0.014376798,0.041068978,-0.006376272,0.191270627,,,,,,,,
2010-01-29,-0.060947847,-0.044738698,-0.055821322,-0.031377941,-0.103882625,0.025328153,,,,,,,,
2010-01-31,,,,,,,0.547196988,-0.071758725,0.33266949,-0.179051077,0.788100297,1.509980646,0.920453573,-10.78037126
2010-02-05,-0.086168737,-0.065208485,-0.079729132,-0.085868072,-0.156926964,-0.027027914,,,,,,,,
2010-02-12,-0.094102468,-0.035741262,-0.07053422,-0.087632575,-0.135482576,-0.052579832,,,,,,,,
2010-02-19,-0.056486168,-0.028394285,-0.062118888,-0.083516961,-0.13709376,-0.057956975,,,,,,,,
2010-02-26,-0.024685509,0.003147879,-0.030259062,-0.07418573,-0.085201983,-0.004714752,,,,,,,,
2010-02-28,,,,,,,0.815221906,0.27830505,-18.0824204,2.652675433,0.198981748,6.717468917,3.47301786,-6.710759355
2010-03-05,0.009029819,0.046543658,0.030927192,0.008017622,0.022929365,0.072741524,,,,,,,,
2010-03-12,0.056339961,0.082072757,0.045341771,0.028657083,0.047346559,0.076284398,,,,,,,,
2010-03-19,0.063566352,0.053165921,0.060418185,0.055096921,0.06967114,0.07693928,,,,,,,,
2010-03-26,0.044003816,0.049825616,0.067951085,0.089323613,0.056283756,0.064973726,,,,,,,,
2010-03-31,,,,,,,0.674311388,0.411817198,15.8164797,-4.826674097,0.210255889,1.265839687,-2.431341774,20.57628232
2010-04-02,0.03486144,0.009827008,0.084765507,0.138122507,0.003354121,0.048606311,,,,,,,,
2010-04-09,0.038401113,-0.018156805,0.071201615,0.118622656,-0.041084818,0.050616503,,,,,,,,
2010-04-16,0.027949667,-0.010474182,0.04635702,0.0873625,-0.081072507,0.028210119,,,,,,,,
2010-04-23,0.015606274,-0.027006078,0.041441262,0.056393227,-0.104415253,0.002646652,,,,,,,,
2010-04-30,0.00387396,-0.049242665,0.03431122,0.040631563,-0.109626312,-0.017436699,0.669794868,0.627066141,0.934377669,-2.97419692,0.39594788,-1.138532223,-0.519481688,2.467876227
2010-05-07,-0.019737757,-0.065576885,-0.031727521,-0.052547468,-0.159203301,-0.11069203,,,,,,,,
2010-05-14,-0.0132,-0.057830795,-0.000489,-0.012975544,-0.14,-0.162107559,,,,,,,,
2010-05-21,-0.005342982,-0.079648868,-0.071980701,-0.087691378,-0.168804627,-0.232588969,,,,,,,,
2010-05-28,-0.001797071,-0.076899937,-0.053404888,-0.06821248,-0.15688279,-0.170090397,,,,,,,,
2010-05-31,,,,,,,0.665338449,0.569304868,-0.045101851,2.423231339,0.10454784,-9.048722338,0.907329621,-2.0994473
2010-06-04,0.035282179,-0.007022013,-0.016763669,-0.021585114,-0.050953975,-0.090921675,,,,,,,,
2010-06-11,0.040125756,0.033461641,-0.004252654,-0.021591573,0.028429507,-0.012235273,,,,,,,,
2010-06-18,0.034738517,0.036935881,0.048467175,0.040800507,0.079853406,0.065264389,,,,,,,,
2010-06-25,0.040471978,0.071570272,0.074860192,0.044037826,0.154149361,0.11729297,,,,,,,,
2010-06-30,,,,,,,0.529101763,-0.182489371,0.391252317,1.098912158,-0.10454784,9.175867937,1.1545991,-2.666060156
2010-07-02,0.017025161,0.05086062,0.011026949,-0.028601083,0.101311525,0.04653844,,,,,,,,
2010-07-09,0.016332845,0.016421833,0.036388001,0.003038626,0.039937836,0.018720524,,,,,,,,
2010-07-16,0.030968841,0.032314858,0.025876001,-0.004878228,0.048363409,0.030951559,,,,,,,,
2010-07-23,0.027821366,0.047688397,0.014892651,-0.023160233,0.028033503,0.047650696,,,,,,,,
2010-07-30,0.02815416,0.060520561,0.03038679,0.002543649,0.009318199,0.047181776,,,,,,,,
2010-07-31,,,,,,,0.394997222,0.348100306,0.352156314,1.086967224,0.197387582,-0.381922807,0.508906951,-1.345442934
2010-08-06,0.022688652,0.09799475,0.04822135,0.001166216,0.033817051,0.045028738,,,,,,,,
2010-08-13,-0.020700798,0.060967961,0.004728409,-0.043184378,0.024237547,0.017760138,,,,,,,,
2010-08-20,-0.028455717,0.053359179,0.018334002,-0.033097019,0.035945572,-0.009626058,,,,,,,,
2010-08-27,-0.048278878,0.009960146,-0.013129639,-0.055293889,0.016483604,-0.094513672,,,,,,,,
2010-08-31,,,,,,,0.131319782,-0.182187123,4.05414128,2.315330497,0.509083594,6.899287149,-0.381437208,6.138647385
2010-09-03,0.002585008,0.061250957,0.008872937,-0.042211345,0.052514519,-0.011540044,,,,,,,,
2010-09-10,0.011778609,0.074790113,0.024837388,-0.029412903,0.073081353,0.027521752,,,,,,,,
2010-09-17,0.031968272,0.058331772,0.043156822,-0.00674614,0.080377597,0.089036461,,,,,,,,
2010-09-24,0.04414713,0.08156212,0.054656653,-0.016005925,0.087700728,0.150970161,,,,,,,,
2010-09-30,,,,,,,-0.131319782,-0.228201663,-3.841051897,5.314017939,0.79315319,-0.238379136,1.517096101,-1.478615305
2010-10-01,0.05012691,0.099686533,0.067991232,0.014560488,0.072054977,0.170616431,,,,,,,,
2010-10-08,0.025387569,0.06786595,0.049532592,-0.002805617,0.114472348,0.174016763,,,,,,,,
2010-10-15,0.02186124,0.0479,0.03899636,-6.83e-05,0.133618582,0.153,,,,,,,,
2010-10-22,-0.001274514,0.035213991,0.037270664,0.028182259,0.062237923,0.108356965,,,,,,,,
2010-10-29,-0.026285554,-0.010933794,0.021316105,-0.010695419,0.051788794,0.10048511,,,,,,,,
2010-10-31,,,,,,,-0.131492458,0.240634062,-0.144691151,-0.838227875,0.0,-0.23894874,-0.755671102,7.262128177
2010-11-05,-0.013150801,-0.005036102,0.046168373,0.015234196,0.043008298,0.052153198,,,,,,,,
2010-11-12,-0.023320565,-0.03153205,0.037111674,0.01009861,-0.049439339,0.012606384,,,,,,,,
2010-11-19,-0.004268913,0.016488166,0.049487989,0.036436575,-0.070993061,-0.032351555,,,,,,,,
2010-11-26,0.000228,0.006788719,0.021238708,0.062722792,-0.040172553,-0.101851538,,,,,,,,
2010-11-30,,,,,,,0.262812241,0.016574128,-0.672035591,0.0,-0.493544761,-3.654487058,1.0062978,2.069396144
2010-12-03,-0.011797755,0.020315908,0.043640556,0.107674843,0.001861523,-0.088436837,,,,,,,,
2010-12-10,-0.010954986,0.012415065,0.042938401,0.127269569,0.010154666,-0.0700717,,,,,,,,
2010-12-17,-0.00956403,0.008490051,0.053836517,0.110561506,0.067406034,-0.003953601,,,,,,,,
2010-12-24,0.011169059,0.017591403,0.0589869,0.066767672,0.033474225,0.032346367,,,,,,,,
2010-12-31,0.029312086,0.0370974,0.060479858,0.063841185,0.061663814,0.104321248,0.654024568,0.384576097,-0.312910055,1.005033585,0.390446063,1.600034135,0.99627225,0.942802244
2011-01-07,0.051104081,0.027125553,0.061089302,0.018346567,0.103420009,0.081675459,,,,,,,,
2011-01-14,0.042107315,0.010937033,0.057692406,0.00634369,0.14408016,0.064494887,,,,,,,,
2011-01-21,0.00084,-0.015054921,0.032204733,0.037946701,0.116502393,-0.010837564,,,,,,,,
2011-01-28,-0.017967896,-0.01855245,0.051653765,0.061399172,0.134336321,-0.016908724,,,,,,,,
2011-01-31,,,,,,,1.166571882,-0.591950399,-0.179879896,5.195973893,1.184928983,-0.244498899,4.837702638,6.789327315
2011-02-04,-0.045091972,-0.040713108,0.017304776,0.037812367,0.028807082,-0.06356784,,,,,,,,
2011-02-11,-0.064455638,-0.10353842,-0.051484938,-0.015676764,-0.093735969,-0.115475892,,,,,,,,
2011-02-18,-0.035481506,-0.050901215,-0.025552678,0.004407249,-0.147509341,-0.114545351,,,,,,,,
2011-02-25,-0.038309705,-0.082351214,-0.052740533,-0.054737136,-0.192529775,-0.135768892,,,,,,,,
2011-02-28,,,,,,,0.0,0.859864744,0.840142589,-5.029445961,0.677279934,-4.891257068,-7.856799866,-19.97232771
2011-03-04,-0.01181395,-0.070890531,-0.033235264,-0.044082078,-0.170913632,-0.111468765,,,,,,,,
2011-03-11,0.012625243,-0.02130883,-0.033272633,-0.085877882,-0.129878494,-0.096110946,,,,,,,,
2011-03-18,-0.000497,-0.036507051,0.009334733,-0.058010237,-0.074233996,-0.060098624,,,,,,,,
2011-03-25,0.059023034,-0.004817999,0.053701989,-0.035335803,0.007886121,0.029490538,,,,,,,,
2011-03-31,,,,,,,0.51413995,0.488637103,-0.500949511,2.789352292,0.392971931,6.710591664,3.390155168,27.21541497
2011-04-01,0.084460937,0.065733009,0.082716951,0.005177855,0.037242381,0.076843139,,,,,,,,
2011-04-08,0.086063193,0.06706412,0.094672711,0.006850051,0.082915224,0.096736878,,,,,,,,
2011-04-15,0.089867258,0.082701586,0.114642397,0.038339426,0.046201219,0.101940976,,,,,,,,
2011-04-22,0.075780841,0.105205707,0.111942152,0.052830678,0.015222924,0.027096612,,,,,,,,
2011-04-29,0.067729421,0.069727887,0.062633467,-0.005359557,0.047214658,-0.024013866,,,,,,,,
2011-04-30,,,,,,,-0.256739551,0.220949353,-0.087367872,-0.975617495,0.100800815,-3.423317164,0.492611834,2.717853993
2011-05-06,0.055724507,0.030592309,0.016376982,-0.009348911,-0.001986724,-0.020577538,,,,,,,,
2011-05-13,0.0205,0.02450096,-0.000701,0.033619577,-0.0542,-0.068312815,,,,,,,,
2011-05-20,0.033117128,0.025783336,-0.028483238,-0.028358255,-0.081761972,-0.079580427,,,,,,,,
2011-05-27,0.007455568,0.02083865,-0.047008976,-0.036315668,-0.076719406,-0.064361192,,,,,,,,
2011-05-31,,,,,,,0.768249617,0.501458539,0.064785412,2.898753687,0.190124757,3.543437299,0.612371785,-3.492279813
2011-06-03,0.021555942,0.03286145,-0.026408498,-0.056324081,-0.059152678,-0.101337366,,,,,,,,
2011-06-10,0.026715048,0.025528811,-0.04914511,-0.107457266,-0.066179673,-0.12443426,,,,,,,,
2011-06-17,0.05524443,-0.007796677,-0.05176166,-0.1433341,0.015875883,-0.069609438,,,,,,,,
2011-06-24,0.06456972,0.010567066,-0.02037221,-0.070451421,0.073710503,-0.007740254,,,,,,,,
2011-06-30,,,,,,,0.508906951,0.312646173,-0.026683581,0.475060276,0.189763968,-0.120120135,0.851068967,-2.064705303
2011-07-01,0.015812545,-0.000822,0.002676941,-0.048346389,0.089306148,0.055450634,,,,,,,,
2011-07-08,0.043794964,0.031100073,0.053665625,0.010278964,0.127894699,0.103832007,,,,,,,,
2011-07-15,0.049432553,0.07426923,0.048392622,-0.00751889,0.136211228,0.151041174,,,,,,,,
2011-07-22,0.073001255,0.099789377,0.040303382,0.009335578,0.145607283,0.157843818,,,,,,,,
2011-07-29,0.095805847,0.053689529,0.001021194,-0.032332787,0.033751141,0.09054635,,,,,,,,
2011-07-31,,,,,,,0.25348556,-0.280117914,-0.778890438,-1.592390336,0.478389965,-2.556438671,-1.463440752,2.175705425
2011-08-05,0.063839351,-0.00991857,-0.126949776,-0.125295334,-0.153920122,-0.062895851,,,,,,,,
2011-08-12,-0.000287,-0.075028801,-0.205849657,-0.216439515,-0.238846546,-0.149196609,,,,,,,,
2011-08-19,0.037084887,-0.084603959,-0.250552663,-0.265513121,-0.289880779,-0.234975667,,,,,,,,
2011-08-26,-0.07649098,-0.115202861,-0.207800465,-0.208365939,-0.232760942,-0.241134383,,,,,,,,
2011-08-31,,,,,,,0.379027617,0.328754076,0.033194443,-0.64412461,0.674744001,8.844889649,0.856274345,6.048104399
2011-09-02,-0.040363298,-0.026060329,-0.097739882,-0.105050497,-0.108907571,-0.088633516,,,,,,,,
2011-09-09,-0.015063122,-0.025743693,-0.029039843,-0.012728006,-0.069580026,-0.017331478,,,,,,,,
2011-09-16,-0.019539139,-0.006059175,0.057257025,0.104667603,0.012326612,0.031502941,,,,,,,,
2011-09-23,-0.077443009,-0.08680904,-0.012003399,0.05124593,-0.106226883,-0.010827351,,,,,,,,
2011-09-30,-0.085669274,-0.052733373,-0.013734536,0.089732768,-0.127154655,-0.038750077,-0.126182982,-1.112367587,-38.72638535,3.179918169,-0.099266539,-7.376074993,0.12172856,-2.281467777
2011-10-07,-0.084628051,-0.099616324,-0.032997349,0.089720675,-0.189882004,-0.111880541,,,,,,,,
2011-10-14,-0.065889803,-0.027256002,0.004431532,0.110655692,-0.080104918,-0.047081405,,,,,,,,
2011-10-21,-0.021837423,0.011825998,0.045906626,0.164438303,-0.031738918,-0.029644984,,,,,,,,
2011-10-28,0.083921883,0.057476538,0.112097972,0.167367112,0.116712185,0.080891526,,,,,,,,
2011-10-31,,,,,,,0.378072284,1.201472493,37.07338428,-5.467599635,-0.18777274,-1.468814656,-0.487805845,-4.189094171
2011-11-04,0.083029858,0.056066397,0.104013533,0.145966133,0.129150528,0.106154108,,,,,,,,
2011-11-11,0.057071482,0.006350421,0.054806512,0.083328096,0.072501859,0.074152013,,,,,,,,
2011-11-18,0.047944595,-0.065550129,0.024056649,0.041857965,0.00339103,0.07178081,,,,,,,,
2011-11-25,0.000614,-0.095356227,-0.04992868,-0.016364966,-0.113068051,-0.035202934,,,,,,,,
2011-11-30,,,,,,,0.0,-0.1093671,0.881974619,3.092191034,0.088407565,-0.866878494,-0.982808894,-0.066867271
2011-12-02,0.006454089,-0.064974038,0.007126948,0.059276444,-0.05297034,-0.00634854,,,,,,,,
2011-12-09,0.040251487,-0.04984534,-0.001492819,0.045817469,-0.003921657,-0.023046221,,,,,,,,
2011-12-16,0.0329,-0.021329385,-0.000442,0.064465606,0.0125,-0.008291453,,,,,,,,
2011-12-23,0.057092692,0.015074371,0.041461622,0.096242856,0.089034006,0.009596391,,,,,,,,
2011-12-30,0.0398,0.002004708,0.000292,0.047909142,0.0522,-0.017915842,,,,,,,,
2011-12-31,,,,,,,0.125707119,0.182212105,0.673096291,-1.615544022,0.385866749,3.783245567,2.077044736,-2.027096437
2012-01-06,0.020704397,-0.019667115,-0.020823585,-0.002112586,0.021060802,-0.039786432,,,,,,,,
2012-01-13,-0.005469609,-0.00539,0.020350971,0.015673499,0.047619705,0.000815,,,,,,,,
2012-01-20,-0.035116705,0.037101342,0.058821907,0.056578293,0.082713185,0.024369415,,,,,,,,
2012-01-27,-0.0146642,0.050135861,0.063787011,0.072422923,0.091967082,0.041697522,,,,,,,,
2012-01-31,,,,,,,-0.125707119,-0.149794567,-0.774429257,7.224490687,0.395344244,2.95006644,1.797531922,0.090971123
2012-02-03,-0.025365847,0.061934708,0.060677704,0.052709217,0.129129417,0.099809357,,,,,,,,
2012-02-10,-0.002737383,0.059622732,0.058917047,0.046620957,0.148352894,0.127637198,,,,,,,,
2012-02-17,0.027240672,0.046268446,0.055280885,0.095785563,0.101105552,0.057364986,,,,,,,,
2012-02-24,0.069844304,0.042268625,0.031794874,0.057636143,0.055478346,0.075243536,,,,,,,,
2012-02-29,,,,,,,0.626961301,0.404335016,0.281108849,-6.899287149,0.3828698,13.57092519,-2.282381357,-10.18557655
2012-03-02,0.056880295,0.015087447,0.045638138,0.070517135,0.031711043,0.072582196,,,,,,,,
2012-03-09,0.046239724,-0.01000746,0.037326992,0.113671984,0.003806733,0.018334687,,,,,,,,
2012-03-16,0.053173683,0.002363122,0.019684805,0.080258385,-0.021056617,-0.020912095,,,,,,,,
2012-03-23,0.014142042,-0.029839033,0.002629815,0.054305444,0.001926073,-0.04663037,,,,,,,,
2012-03-30,-0.00743,-0.029192149,-0.000529,0.048724069,-0.0246,-0.09543697,,,,,,,,
2012-03-31,,,,,,,0.12492194,0.354467462,0.300310014,0.324149392,0.021834061,-20.05578987,-0.609386407,15.2171087
2012-04-06,-0.004460583,0.011033146,0.014724542,0.060142608,-0.060859693,-0.138774022,,,,,,,,
2012-04-13,-0.000482,0.021065378,-0.001226071,0.002083169,-0.062212085,-0.131446424,,,,,,,,
2012-04-20,0.006159284,-0.004110755,-0.01376904,-0.0047095,-0.080096183,-0.129667979,,,,,,,,
2012-04-27,0.046800536,-0.021144877,0.003432876,0.043504436,-0.127618408,-0.097883433,,,,,,,,
2012-04-30,,,,,,,0.373832211,0.337187217,-0.113711777,0.0,0.0,2.087245817,0.366077285,-1.898584033
2012-05-04,0.057300584,-0.037045495,-0.001513028,0.02293175,-0.094420821,-0.052102937,,,,,,,,
2012-05-11,0.043480631,-0.064957846,-0.043695053,-0.014025401,-0.162028322,-0.080050607,,,,,,,,
2012-05-18,-0.048850328,-0.127305832,-0.106878325,-0.099832455,-0.189933998,-0.14585434,,,,,,,,
2012-05-25,-0.035332739,-0.089858877,-0.080319441,-0.089845745,-0.094733383,-0.077303526,,,,,,,,
2012-05-31,,,,,,,0.248447333,0.483720386,-0.05686872,5.048390543,0.17450108,-3.965823291,2.049499103,-0.996354971
2012-06-01,-0.036299178,-0.091174919,-0.082614799,-0.105691968,-0.086659018,-0.097764097,,,,,,,,
2012-06-08,-0.02523701,-0.101737558,-0.064981108,-0.073263418,-0.075377872,-0.08961494,,,,,,,,
2012-06-15,0.029188227,-0.037659519,0.006606456,-0.010748326,0.018663181,0.013068978,,,,,,,,
2012-06-22,0.069185454,0.000407,0.024512348,0.003029213,0.005045863,0.044011014,,,,,,,,
2012-06-29,0.023586638,-0.002331604,0.006513478,-0.009254318,-0.016324481,0.049956126,,,,,,,,
2012-06-30,,,,,,,0.123992576,-0.159648807,-0.090643196,0.918842605,-0.141758925,-4.393471433,-0.119402999,-4.715598615
2012-07-06,-0.008362047,0.019358215,0.001747596,-0.040749153,0.028383421,0.116796244,,,,,,,,
2012-07-13,-0.0480792,-0.021576266,-0.030116805,-0.061578606,-0.016814195,0.055799519,,,,,,,,
2012-07-20,-0.054853908,-0.04502232,-0.018088932,-0.020659126,-0.050121496,0.034829295,,,,,,,,
2012-07-27,-0.048757516,-0.045088855,-0.007905225,0.014696732,-0.092862368,0.009549519,,,,,,,,
2012-07-31,,,,,,,0.494438585,-0.015978908,-0.142842789,0.759305091,-0.229420541,5.399769233,0.714288751,4.893455487
2012-08-03,-0.01919735,-0.038731283,0.003642185,0.030774497,-0.088011254,-0.005405762,,,,,,,,
2012-08-10,0.0244,0.036998314,0.075209062,0.127142801,-0.000998,0.021391985,,,,,,,,
2012-08-17,0.036608388,0.064440368,0.072667507,0.093948882,0.040330302,0.057378808,,,,,,,,
2012-08-24,0.04909802,0.07503969,0.0454726,0.050159712,0.046719607,0.027388213,,,,,,,,
2012-08-31,0.048853667,0.07899194,0.02311146,0.004290115,0.050610866,0.002726052,-0.370599559,-0.131923504,-2.208803278,-4.328341771,0.469202672,-7.40117026,-2.401075732,-2.838667736
2012-09-07,0.0328,0.0465,-0.00079,-0.019357099,0.0329,3.84e-05,,,,,,,,
2012-09-14,0.027486383,0.0523,0.018434328,0.015024716,0.050070965,0.000723,,,,,,,,
2012-09-21,0.068657934,0.058881147,0.024465469,0.02131379,0.058083472,0.013255067,,,,,,,,
2012-09-28,0.064034279,0.044702458,0.041824344,0.059919124,0.03905643,0.002547767,,,,,,,,
2012-09-30,,,,,,,0.123685854,0.2157843,1.62793637,6.57226539,0.705106789,8.891881095,1.686786981,8.68399729
2012-10-05,0.078056496,0.033246908,0.046642575,0.076726443,0.004877407,-0.009012115,,,,,,,,
2012-10-12,0.108609118,0.005481312,-0.017131818,-0.009250983,-0.081999494,-0.067588114,,,,,,,,
2012-10-19,0.062681285,-0.026724957,-0.031645847,-0.014512464,-0.11258497,-0.093733301,,,,,,,,
2012-10-26,0.060683203,-0.04274531,-0.060166034,-0.023707306,-0.14494293,-0.144994672,,,,,,,,
2012-10-31,,,,,,,0.0,0.003991618,0.097338447,-1.941808586,-0.18393297,-3.258433633,-0.359066813,0.480719914
2012-11-02,0.055086547,-0.03032406,-0.048757025,-0.002958023,-0.091824782,-0.151627938,,,,,,,,
2012-11-09,0.024451636,-0.02483858,-0.035943892,0.027504184,-0.10776601,-0.134888874,,,,,,,,
2012-11-16,0.017440564,-0.047041892,-0.042880332,0.023078791,-0.112457614,-0.145541486,,,,,,,,
2012-11-23,0.029672696,-0.005345121,0.007592404,0.097550871,-0.063055151,-0.090191203,,,,,,,,
2012-11-30,0.010153254,-0.003479517,0.027061959,0.063750118,0.013864236,-0.034088947,0.493219249,-0.307821707,0.466596265,0.301205047,-0.358015028,-8.227449562,0.597730411,-2.705152274
2012-12-07,-0.018488032,-0.003155596,0.043988152,0.081870577,0.036833764,0.022392935,,,,,,,,
2012-12-14,-0.037764629,0.03318431,0.075472471,0.099391928,0.103981038,0.095075424,,,,,,,,
2012-12-21,-0.003253216,0.027991174,0.049007394,0.02957477,0.112093656,0.086654509,,,,,,,,
2012-12-28,0.015391738,0.026183656,0.039578537,0.043201105,0.072756325,0.078286505,,,,,,,,
2012-12-31,,,,,,,0.368324542,-0.176324483,-0.225184078,2.377526549,0.18459205,4.463215402,0.475625153,1.909669746
2013-01-04,0.065590516,0.045663589,0.021549918,0.039858618,0.067898767,0.086236956,,,,,,,,
2013-01-11,0.098947468,0.016636949,-0.001856611,0.012973187,0.033970911,0.024267495,,,,,,,,
2013-01-18,0.088758479,0.011257383,-0.018031795,-0.00617381,0.033391654,-0.016887417,,,,,,,,
2013-01-25,0.031,-0.02648512,-0.047427266,-0.045395911,-0.000645,-0.008059481,,,,,,,,
2013-01-31,,,,,,,0.366972889,0.076178261,0.242075373,-5.121601165,0.594885752,4.399156928,-0.594885752,4.540165578
2013-02-01,-0.010715442,-0.011382954,-0.045335382,-0.057775854,-0.00835039,-0.062956035,,,,,,,,
2013-02-08,-0.04706715,-0.014677481,-0.039866951,-0.048534504,-0.049485124,-0.097064628,,,,,,,,
2013-02-15,-0.03565923,-0.002199308,-0.007385188,-0.007451937,-0.043147841,-0.048876563,,,,,,,,
2013-02-22,0.001463098,0.011495885,0.036222371,0.052423332,-0.009281265,-0.030871204,,,,,,,,
2013-02-28,,,,,,,0.122025641,-0.176501309,-19.33938858,2.140754535,0.33374634,-4.266969202,0.0,-19.88870112
2013-03-01,0.052606772,0.020104404,0.050862974,0.074299407,-0.009265665,-0.004001296,,,,,,,,
2013-03-08,0.062647727,0.005720543,0.030925143,0.044952937,-0.006846768,0.040843624,,,,,,,,
2013-03-15,0.044431456,0.017157219,0.012300736,0.019027119,-0.022678754,0.032131747,,,,,,,,
2013-03-22,0.017731237,0.017846703,-0.025630544,-0.019178542,-0.042853729,-0.004665426,,,,,,,,
2013-03-29,0.03179001,0.040663172,-0.006511353,0.005266646,-0.009064356,0.039443789,,,,,,,,
2013-03-31,,,,,,,0.0,0.512595732,17.02169167,-3.698418428,-0.096779404,0.13201322,-0.598445832,13.00949631
2013-04-05,0.016894868,0.008475605,-0.042607155,-0.008476457,-0.074016882,-0.020908068,,,,,,,,
2013-04-12,0.049188643,0.003369067,-0.028721041,0.014754607,-0.142911532,-0.042636593,,,,,,,,
2013-04-19,0.077441358,-0.018588691,-0.0347185,0.003649591,-0.133946298,-0.064197306,,,,,,,,
2013-04-26,0.065844338,-0.019281872,-0.020733391,0.003039115,-0.155841677,-0.042195692,,,,,,,,
2013-04-30,,,,,,,0.24360548,0.756072046,0.6755134,2.786558006,-0.139958035,0.526317004,0.0,9.886355241
2013-05-03,0.035963718,-0.01851886,0.002697639,0.014041971,-0.134601075,-0.032297216,,,,,,,,
2013-05-10,-0.0141,-0.009403703,0.000734,-0.015378622,0.0167,0.024677326,,,,,,,,
2013-05-17,-0.037835863,-0.006483047,0.028841586,0.013084471,0.086987267,0.083888982,,,,,,,,
2013-05-24,-0.075305004,-0.022210248,0.022108425,0.005360774,0.084836383,0.073833037,,,,,,,,
2013-05-31,-0.069458394,-0.017551388,0.026246006,0.022879894,0.124306804,0.068888758,0.243013485,0.154489127,-7.593124498,1.06303203,0.0,0.914441382,0.71770643,-7.547316008
2013-06-07,-0.079708593,-0.048049551,-0.014638589,-0.039035616,0.06002933,0.024354574,,,,,,,,
2013-06-14,-0.057190023,-0.034720865,-0.039472793,-0.064920992,0.006119711,-0.0363694,,,,,,,,
2013-06-21,-0.109857606,-0.062649596,-0.086340922,-0.10432991,-0.080094691,-0.104166458,,,,,,,,
2013-06-28,-0.098139982,-0.042821357,-0.067942872,-0.104652891,-0.081876866,-0.067122464,,,,,,,,
2013-06-30,,,,,,,0.604962523,0.221413976,7.236624046,0.150943425,-0.118579219,-0.521513568,0.475625153,-8.140976189
2013-07-05,-0.052070551,-0.020287033,-0.087586724,-0.143122513,-0.10809921,-0.085027667,,,,,,,,
2013-07-12,-0.057198302,0.005129521,-0.033234401,-0.060882096,-0.08070528,-0.038462551,,,,,,,,
2013-07-19,-0.033154805,0.011637501,0.00240453,-0.050461364,-0.060171771,0.033611498,,,,,,,,
2013-07-26,0.021819134,0.040061937,0.032150668,-0.017614814,0.036969391,0.061732841,,,,,,,,
2013-07-31,,,,,,,0.120554566,0.055276979,0.224434684,0.900906994,0.215494103,6.698650278,0.944517057,12.86173778
2013-08-02,0.012609746,0.035279183,0.037136469,-0.006434912,0.026668995,0.065606553,,,,,,,,
2013-08-09,-0.031074884,0.003907489,0.015529811,-0.028811854,0.019359723,0.065913434,,,,,,,,
2013-08-16,-0.009815248,0.004916455,0.035920057,0.008853604,0.0241561,0.089366355,,,,,,,,
2013-08-23,-0.08037873,-0.036842377,0.001289623,0.004914937,-0.04381769,0.025860386,,,,,,,,
2013-08-30,-0.057647046,-0.02957146,0.023499314,0.041050668,-0.032602519,0.022318658,,,,,,,,
2013-08-31,,,,,,,0.360794138,0.165647839,-2.454639956,-1.203022028,0.354553151,2.653955523,-1.063211433,-6.224230888
2013-09-06,-0.025723789,0.002855006,0.048518502,0.06297509,0.028855198,0.048788614,,,,,,,,
2013-09-13,0.000187,0.035304219,0.0612407,0.08011722,0.07303769,0.058408959,,,,,,,,
2013-09-20,0.020368211,0.055673359,0.062383747,0.051915146,0.122017539,0.075511054,,,,,,,,
2013-09-27,0.07895332,0.087125167,0.056226641,0.02758987,0.103321497,0.091661503,,,,,,,,
2013-09-30,,,,,,,0.119976019,0.452160324,2.581084962,-1.98631435,0.192864091,-9.352605801,-0.476191376,2.984668795
2013-10-04,0.037675312,0.064429572,0.024496704,0.032277067,0.033478674,0.019409495,,,,,,,,
2013-10-11,0.004275036,0.037337629,0.028036202,0.039322097,0.007162132,0.010588203,,,,,,,,
2013-10-18,-0.016855849,0.043711906,0.026939924,0.050501064,-0.033183801,-0.018942094,,,,,,,,
2013-10-25,0.008780956,0.029450043,0.010315212,0.035684058,-0.038696078,-0.052817259,,,,,,,,
2013-10-31,,,,,,,0.597730411,0.168544871,0.808570521,1.531423497,-0.310908854,17.02666163,0.594885752,14.14981242
2013-11-01,-0.00065,0.017969252,0.020527497,0.054723395,-0.024855304,-0.046079803,,,,,,,,
2013-11-08,-0.012386521,0.005779201,-0.01311938,-0.025098334,-0.051170452,-0.051715975,,,,,,,,
2013-11-15,-0.007373093,-0.001467283,-0.015471553,-0.010540898,-0.055334301,-0.093939506,,,,,,,,
2013-11-22,-0.002342595,-0.007353473,-0.017961017,-0.018900759,-0.050546394,-0.105342669,,,,,,,,
2013-11-29,-0.012154478,0.016043757,0.003233794,0.01438065,-0.020211549,-0.070217104,,,,,,,,
2013-11-30,,,,,,,0.238095351,0.211259419,-0.756704069,-0.456969569,-0.010738255,-12.05431809,0.473373665,-9.932686433
2013-12-06,-0.010633385,-0.00717624,-0.0235858,-0.010143711,-0.034062801,-0.124989081,,,,,,,,
2013-12-13,0.015314162,-0.00584166,-0.029756488,-0.013922206,-0.041876623,-0.119382857,,,,,,,,
2013-12-20,0.025893794,0.003311386,-0.027544181,-0.010639151,-0.060931009,-0.071969286,,,,,,,,
2013-12-27,0.029657283,0.001252006,-0.030372582,-0.033335372,-0.045657884,-0.046006402,,,,,,,,
2013-12-31,,,,,,,0.474496738,-0.179933551,0.086059412,-1.228894113,0.118057433,-2.264247675,-0.118133505,2.315645071
2014-01-03,0.018372368,-0.002985904,-0.060183496,-0.092119154,-0.051826161,-0.044919439,,,,,,,,
2014-01-10,0.017368837,0.019065531,-0.042238216,-0.070729484,-0.00754027,0.015886785,,,,,,,,
2014-01-17,0.020382983,0.005493691,-0.029955799,-0.061089568,0.004740998,0.020773477,,,,,,,,
2014-01-24,-0.004801219,-0.031314307,-0.032400409,-0.054974441,-0.008542153,0.014399218,,,,,,,,
2014-01-31,0.004482298,-0.009852483,-0.019957123,-0.036788472,-0.001243324,0.034062448,0.472255895,0.73723346,0.426891925,7.587280826,0.534875045,1.264239342,3.256101605,-3.012928501
2014-02-07,0.023059843,-0.029552,-0.006847742,-0.007246549,0.007615773,-0.009582212,,,,,,,,
2014-02-14,0.038834201,-0.035773292,0.010334862,0.01091912,0.013827025,-0.002835799,,,,,,,,
2014-02-21,0.020536538,-0.00491947,0.010572579,0.019305863,0.102432749,0.012429174,,,,,,,,
2014-02-28,0.034170128,0.00520491,0.017905709,0.029191038,0.095331492,0.006228823,0.352734052,0.325922766,-0.53677958,0.997870005,0.266368492,7.73332034,-3.019973986,-7.728096436
2014-03-07,0.025340722,-0.00322951,0.022113251,0.034672306,0.100233317,0.026171704,,,,,,,,
2014-03-14,-0.007447903,-0.011658922,-0.014437793,-0.013052902,0.043305701,0.048184363,,,,,,,,
2014-03-21,-0.010106564,-0.010291607,-0.01513808,-0.022245841,-0.003815451,0.033335018,,,,,,,,
2014-03-28,0.011006318,0.000958,0.006361351,-0.002148542,-0.003608988,0.053697324,,,,,,,,
2014-03-31,,,,,,,0.351494211,-0.205518036,-0.144345285,-6.747426831,0.180726143,-5.251803428,0.235571369,15.14317756
2014-04-04,0.003621554,0.000154,0.01409656,0.027954748,-0.011049126,0.043143006,,,,,,,,
2014-04-11,0.020128378,0.031388507,0.030798449,0.043509922,0.009437459,0.031720359,,,,,,,,
2014-04-18,0.03330658,0.046059316,0.048566865,0.076144449,0.024087348,0.028658341,,,,,,,,
2014-04-25,0.016160436,0.005101178,0.016532622,0.065906259,-0.013121161,-0.021508021,,,,,,,,
2014-04-30,,,,,,,0.11689072,0.526520767,0.357836432,-0.608829887,0.063707796,4.199777361,-1.183445765,7.610814502
2014-05-02,0.021301877,-0.00177802,-0.018349418,0.005989625,0.003583287,-0.051838305,,,,,,,,
2014-05-09,0.031072826,-0.010475962,-0.022290915,-0.012156086,-0.009823959,-0.043988098,,,,,,,,
2014-05-16,0.0449,-0.0102271,0.006424493,0.035039616,-0.000238,-0.014835592,,,,,,,,
2014-05-23,0.062447422,7.66e-05,0.013310888,0.023460751,-0.003421633,-0.015531958,,,,,,,,
2014-05-30,0.042222465,0.001586667,0.021838019,0.044863052,-0.032180853,0.014923295,,,,,,,,
2014-05-31,,,,,,,0.0,-0.487711437,0.029394594,3.892707051,0.169689297,-3.224159866,1.535765565,-12.83104726
2014-06-06,0.03756391,0.000919,0.032809155,0.078392502,-0.059084456,-0.005656945,,,,,,,,
2014-06-13,0.02468158,0.001312664,0.007034743,0.015305895,-0.048825695,-0.018948286,,,,,,,,
2014-06-20,0.000393,-0.007782785,-0.027748943,-0.04142133,-0.027795281,-0.026363751,,,,,,,,
2014-06-27,0.019553512,0.016859289,-0.017690718,-0.047753275,0.016650833,-0.01900744,,,,,,,,
2014-06-30,,,,,,,0.233372335,0.178329181,-0.150084894,2.894558089,-0.127239971,-6.001800973,0.5844552,1.282567134
2014-07-04,0.066336076,0.034180535,-0.006770674,-0.051342755,0.098332846,0.013958306,,,,,,,,
2014-07-11,0.059229808,0.029716066,-0.019584089,-0.058488288,0.114599352,0.009715156,,,,,,,,
2014-07-18,0.040492765,0.021208111,0.020384088,0.015929063,0.087999245,0.037537024,,,,,,,,
2014-07-25,0.043495856,0.031203554,0.027658343,0.027098302,0.118997995,0.045766294,,,,,,,,
2014-07-31,,,,,,,0.232828976,0.413583103,0.301195291,-0.572247627,0.148430901,8.518410717,0.465117118,11.85765248
2014-08-01,0.026163925,0.035335002,0.016915996,-0.014405989,0.097797302,-0.001696872,,,,,,,,
2014-08-08,-0.004054721,0.007181859,-0.010578304,-0.040615791,0.014454726,-0.033455191,,,,,,,,
2014-08-15,0.042547788,0.057847374,-0.004402144,-0.046807514,0.032080512,-0.038135681,,,,,,,,
2014-08-22,0.062428621,0.056800584,-0.024923479,-0.069348031,-0.020964146,-0.063554008,,,,,,,,
2014-08-29,0.047221394,0.053430777,-0.022312524,-0.055010114,-0.021440236,-0.040295185,,,,,,,,
2014-08-31,,,,,,,0.348230184,0.400354694,-2.843290952,-1.882749314,0.169365977,-11.12952512,0.923794098,-6.464142473
2014-09-05,0.041981059,0.049750512,-0.026659837,-0.050173511,0.001563608,-0.020969227,,,,,,,,
2014-09-12,0.018087828,0.022111277,-0.018759612,-0.033848515,0.015448413,-0.023835553,,,,,,,,
2014-09-19,0.011096981,0.01161015,-0.022279641,-0.030316204,0.048780144,0.004853747,,,,,,,,
2014-09-26,0.028446667,0.014736348,-0.038959998,-0.03994998,0.002841904,-0.016546131,,,,,,,,
2014-09-30,,,,,,,0.115807772,-0.13455589,2.014208691,6.096855991,-0.063478631,10.29767243,-2.208108308,8.853479217
2014-10-03,0.016875383,-0.005643938,-0.065513407,-0.056156265,-0.083772056,-0.085397296,,,,,,,,
2014-10-10,0.002443957,-0.0230952,-0.074727212,-0.079498645,-0.102324934,-0.087552415,,,,,,,,
2014-10-17,-0.015381587,-0.057689337,-0.097021182,-0.100374277,-0.164230088,-0.135695376,,,,,,,,
2014-10-24,-0.008033989,-0.050703689,-0.072456368,-0.068493654,-0.169007284,-0.113488813,,,,,,,,
2014-10-31,-0.049076457,-0.066083818,-0.013978346,0.039448631,-0.105162935,-0.065092826,-0.115807772,-0.023084914,0.138458115,-10.27656886,-0.296767573,0.831852688,-0.353149278,1.660616042
2014-11-07,-0.068052129,-0.060154795,-0.00359108,0.056111503,-0.069525537,-0.031927032,,,,,,,,
2014-11-14,-0.0816597,-0.025813493,0.025926773,0.082726143,-0.025393406,0.021259676,,,,,,,,
2014-11-21,-0.050193308,-0.01965497,0.036778619,0.091631267,-0.011257424,0.056476847,,,,,,,,
2014-11-28,-0.039188464,-0.021643802,0.036730883,0.075873629,-0.038411564,-0.02102448,,,,,,,,
2014-11-30,,,,,,,0.115807772,0.24980317,0.122681224,7.769473759,-0.201880746,4.512043528,0.822083314,-15.79181984
2014-12-05,-0.006781337,-0.021169103,0.036335949,0.051030625,-0.048917585,0.001393136,,,,,,,,
2014-12-12,-0.02458434,-0.058238509,0.011515907,0.048875371,-0.12466224,-0.061654832,,,,,,,,
2014-12-19,-0.027914423,-0.060153008,0.013269741,0.059440803,-0.099753221,-0.061595295,,,,,,,,
2014-12-26,-0.036157105,-0.049686053,0.00904407,0.044678318,-0.051564658,-0.022526389,,,,,,,,
2014-12-31,,,,,,,0.577035646,-0.307538781,-0.60224597,3.465350208,-0.010636601,1.793770069,3.674351337,8.941927606
2015-01-02,-0.060664286,-0.055623398,-0.014039824,0.007291145,-0.055312535,-0.031967911,,,,,,,,
2015-01-09,-0.024930684,-0.034229614,-0.00378402,0.011996212,-0.016747636,-0.017584662,,,,,,,,
2015-01-16,0.016990201,-0.036484451,-0.002692281,0.003883978,-0.031649906,-0.023708456,,,,,,,,
2015-01-23,0.049524651,-0.040224984,0.014774101,0.030955458,-0.010007476,-0.012126327,,,,,,,,
2015-01-30,0.070969136,-0.027357632,0.015455599,0.023226758,0.071502739,0.011566131,,,,,,,,
2015-01-31,,,,,,,0.344629864,0.418788433,0.186411886,2.422729534,0.667906008,0.332779009,-2.627221351,-1.76145467
2015-02-06,0.104074536,0.001356228,0.024428994,0.026904357,0.104073057,0.073006749,,,,,,,,
2015-02-13,0.092803721,0.023330117,0.031256009,0.027472255,0.122921434,0.08843258,,,,,,,,
2015-02-20,0.06083647,0.028298627,0.026407621,0.014281279,0.140106467,0.095080773,,,,,,,,
2015-02-27,0.023976677,0.051101073,0.020161615,-0.009000701,0.166604351,0.079412749,,,,,,,,
2015-02-28,,,,,,,0.685716973,0.310077768,0.598741737,-1.204027923,-0.052845745,-0.332779009,3.301381207,-11.11411676
2015-03-06,0.001596487,0.039046061,0.047098425,0.03791172,0.137868616,0.048966499,,,,,,,,
2015-03-13,-0.032305765,0.005965344,0.034997709,0.038618839,0.09175267,-0.004182195,,,,,,,,
2015-03-20,0.02824544,0.031109826,0.054618456,0.051930829,0.118024121,0.008788041,,,,,,,,
2015-03-27,0.05779575,0.025631832,0.033439619,0.028926099,0.053555108,-0.03315183,,,,,,,,
2015-03-31,,,,,,,0.0,-0.409813094,-0.264260698,-1.355034283,0.010571383,-0.780818245,-2.150620522,11.90081848
2015-04-03,0.109814004,0.023533785,0.019402698,0.011152939,0.048424016,-0.025354227,,,,,,,,
2015-04-10,0.124167418,0.061188668,0.037745271,0.017112095,0.07924389,0.015374511,,,,,,,,
2015-04-17,0.159756716,0.117345214,0.04573264,-0.005314908,0.126109877,0.068942245,,,,,,,,
2015-04-24,0.099504164,0.082204229,0.048262228,-0.018258669,0.081910878,0.054517893,,,,,,,,
2015-04-30,,,,,,,0.227531384,0.084397903,-0.443497447,-0.959568706,0.031707446,-1.46646734,1.250726935,2.740378754
2015-05-01,0.061758888,0.054657022,0.037526144,-0.014786865,0.010077487,0.045339072,,,,,,,,
2015-05-08,0.054068038,0.03549166,0.00136236,-0.069486303,-0.046757425,0.019410035,,,,,,,,
2015-05-15,0.062899154,0.045589799,-0.020542094,-0.081727615,-0.076762595,-0.040894868,,,,,,,,
2015-05-22,0.060572422,0.025739519,-0.011084625,-0.043255097,-0.069600753,-0.063160476,,,,,,,,
2015-05-29,0.039946338,0.052752947,-0.023485167,-0.04897423,-0.067518233,-0.06628243,,,,,,,,
2015-05-31,,,,,,,-0.227531384,0.091989274,0.108579715,1.503787736,0.274377547,-6.211721245,0.0,-10.03479738
2015-06-05,-0.000739,0.055285525,-0.022902965,-0.012792748,-0.018007459,-0.089632062,,,,,,,,
2015-06-12,-0.016686922,0.013796529,-0.030487303,-0.036206803,-0.012518781,-0.041287669,,,,,,,,
2015-06-19,-0.031389087,-0.022733501,-0.042273202,-0.059155518,-0.058108251,-0.029562855,,,,,,,,
2015-06-26,-0.003906569,0.006841989,-0.032366654,-0.061058535,0.003377293,-0.008649348,,,,,,,,
2015-06-30,,,,,,,0.227531384,-0.049817019,-0.580211247,0.541273311,0.021074816,5.984189861,-2.981872302,4.714677843
2015-07-03,0.013611537,0.037387281,-0.009537864,-0.065017754,0.042024591,0.02232687,,,,,,,,
2015-07-10,0.031625191,0.002413372,-0.03019227,-0.061258998,0.005159692,0.014132735,,,,,,,,
2015-07-17,0.047031264,0.031001539,-0.002887445,-0.007787171,0.094960737,-0.005276546,,,,,,,,
2015-07-24,0.043170015,0.028557076,-0.026786943,-0.05291732,0.001514973,-0.047672523,,,,,,,,
2015-07-31,0.024735433,-0.016656274,-0.05050763,-0.083769797,-0.032953959,-0.065455712,0.340329313,0.363476765,0.563208672,0.134861787,0.178956835,3.908928696,1.616663386,3.695487773
2015-08-07,0.083047939,0.013491985,-0.053817131,-0.103949785,-0.061655969,-0.043723736,,,,,,,,
2015-08-14,0.037093009,0.027590076,-0.055709262,-0.10297439,-0.087729588,-0.051981979,,,,,,,,
2015-08-21,-0.071827589,-0.04863323,-0.115705684,-0.141217975,-0.16342463,-0.167184333,,,,,,,,
2015-08-28,-0.027565613,0.012216497,-0.058920869,-0.082297058,-0.047052073,-0.087977494,,,,,,,,
2015-08-31,,,,,,,0.677203491,0.076353367,0.383836034,0.269179167,0.136633581,-4.251199424,0.684934185,-0.795689814
2015-09-04,-0.099503361,-0.042229989,-0.057342279,-0.021755592,-0.09563793,-0.129780512,,,,,,,,
2015-09-11,-0.085958431,-0.00946502,-0.018071244,-0.011062754,-0.006974363,-0.0690801,,,,,,,,
2015-09-18,0.000237,0.027437111,0.057070648,0.06619518,0.059343995,0.031257706,,,,,,,,
2015-09-25,0.006013035,-0.003330894,0.031009713,0.029495614,0.017321483,0.037636823,,,,,,,,
2015-09-30,,,,,,,0.895862654,0.224903367,-0.177346946,2.521699645,-0.252392604,6.525255187,1.580168319,0.372109936
2015-10-02,0.038426837,-0.012524699,0.034306054,0.013890642,0.007183205,0.050576132,,,,,,,,
2015-10-09,0.043385243,-0.019521661,0.073686187,0.104730501,0.036058835,0.046468711,,,,,,,,
2015-10-16,0.004395455,-0.048417948,0.040981739,0.071742135,-0.001777635,0.011871555,,,,,,,,
2015-10-23,-0.035257118,-0.064999077,0.045195206,0.082277097,-0.016076913,0.003666346,,,,,,,,
2015-10-30,-0.051928674,-0.052063046,0.064439868,0.142705859,-0.061359474,0.06018714,,,,,,,,
2015-10-31,,,,,,,0.777349833,0.015229393,-0.748835129,6.224230888,0.0,0.533904098,2.54297838,2.048211646
2015-11-06,-0.055685766,-0.059181313,0.040414926,0.071515749,-0.089342843,0.04838213,,,,,,,,
2015-11-13,-0.068872592,-0.104738109,-0.007913521,0.002806381,-0.156831333,0.056200638,,,,,,,,
2015-11-20,-0.025056089,-0.086218005,0.004302146,0.002723741,-0.125514617,0.093687606,,,,,,,,
2015-11-27,0.031463781,-0.016901,0.013065893,0.011300914,-0.079114858,0.096966584,,,,,,,,
2015-11-30,,,,,,,0.110558331,-0.02665296,-0.386469065,-1.363939309,-0.189713379,-9.254510307,-1.540184461,-7.724526104
2015-12-04,0.005364389,-0.047024672,-0.019565399,-0.03636787,-0.072905014,0.062100242,,,,,,,,
2015-12-11,0.028355554,-0.025524777,-0.021286125,-0.018722482,-0.117560799,0.037891734,,,,,,,,
2015-12-18,0.0616,0.012042161,-0.000177,-0.01171244,-0.104,0.020257892,,,,,,,,
2015-12-25,0.035333654,-0.019540877,-0.006961171,-0.018756023,-0.092101164,-0.009086539,,,,,,,,
2015-12-31,,,,,,,0.110436234,0.508984272,0.33660568,4.396312342,0.294954391,4.231620473,1.540184461,9.86740402
2016-01-01,0.050447815,-0.046701379,-0.01549243,-0.033764073,-0.093843349,-0.027493655,,,,,,,,
2016-01-08,0.083589219,-0.012069918,-0.026765208,-0.074930541,-0.0699753,-0.082391885,,,,,,,,
2016-01-15,0.053428028,-0.03624023,-0.055190873,-0.109622827,0.035091337,-0.076264653,,,,,,,,
2016-01-22,0.052345161,-0.00687138,-0.062586236,-0.089909642,0.018287677,-0.092508478,,,,,,,,
2016-01-29,0.044153919,0.022747194,-0.052465822,-0.096162952,0.092393183,-0.049543781,,,,,,,,
2016-01-31,,,,,,,0.0,-0.178229508,-0.292073386,-10.31063212,0.168155584,-4.465538709,0.0,-8.473199821
2016-02-05,-0.021147143,0.029602831,-0.026652388,-0.045373892,0.128332778,-0.02243673,,,,,,,,
2016-02-12,-0.097577485,-0.025077084,-0.036587277,-0.026838331,0.057695739,-0.033274495,,,,,,,,
2016-02-19,-0.086341829,0.016529619,0.024225926,0.036050589,0.078875238,-0.026361538,,,,,,,,
2016-02-26,-0.101683165,-0.005135765,0.017003576,0.027045259,-0.03554252,0.003300816,,,,,,,,
2016-02-29,,,,,,,0.110314407,-0.201364024,0.070769844,3.257617043,0.429612438,0.46729057,-1.762160135,-12.17599195
2016-03-04,-0.108460659,-0.003001417,0.032291865,0.055561877,-0.013703189,0.024370103,,,,,,,,
2016-03-11,-0.010868733,0.034509083,0.062408827,0.086045889,0.02095099,0.084072435,,,,,,,,
2016-03-18,0.010930374,0.033339469,0.069113075,0.086512393,0.019027004,0.079506759,,,,,,,,
2016-03-25,-0.019338802,-0.011002774,0.048513556,0.068827216,0.036229014,0.041023112,,,,,,,,
2016-03-31,,,,,,,0.110192849,-0.152241789,0.173569542,4.634517518,-0.261739143,0.928080907,2.089135903,15.90830921
2016-04-01,-0.038296543,-0.033064001,0.031456187,0.046296804,0.031174413,0.021556831,,,,,,,,
2016-04-08,-0.031079425,-0.038804888,0.013294141,0.004460974,-0.00904197,0.002753827,,,,,,,,
2016-04-15,-0.067259282,-0.021393443,0.024188681,0.016061478,0.007321339,0.053236201,,,,,,,,
2016-04-22,-0.037064441,-0.010823018,0.016467167,-0.004445245,0.030945986,0.058162322,,,,,,,,
2016-04-29,-0.022290838,-0.001185936,0.001435818,-0.028105123,0.061220198,0.078315062,,,,,,,,
2016-04-30,,,,,,,0.110071558,0.003808871,-5.124041176,-3.107770305,0.188521212,-0.46296379,-0.436205708,1.50033703
2016-05-06,0.003395435,-0.016130576,0.001134155,0.006878096,0.012943049,0.045587904,,,,,,,,
2016-05-13,0.033269158,-0.023412224,-0.019161386,-0.027511251,-0.004813191,0.024404097,,,,,,,,
2016-05-20,0.030068518,-0.059942741,-0.038303771,-0.027870704,-0.070016376,-0.002520742,,,,,,,,
2016-05-27,0.003448797,-0.067766305,-0.015338794,0.00855078,-0.104377397,0.020080555,,,,,,,,
2016-05-31,,,,,,,0.548547728,0.152235995,4.406134168,2.862672143,0.062761508,1.268028518,1.302950029,-2.250072781
2016-06-03,-0.019534597,-0.044044739,0.016295444,0.058200678,-0.094453305,0.021111343,,,,,,,,
2016-06-10,-0.040606857,-0.026324604,0.043354875,0.082186193,-0.027574706,0.051553749,,,,,,,,
2016-06-17,-0.100904309,-0.049779057,0.027334395,0.098458093,-0.070063017,-0.006684794,,,,,,,,
2016-06-24,-0.100970707,-0.059306677,0.009492795,0.073565816,-0.062318559,-0.058983296,,,,,,,,
2016-06-30,,,,,,,0.436681917,0.29619525,0.038538491,3.2591901,-0.020916126,6.539725885,0.752287266,2.809123853
2016-07-01,-0.046080765,-0.017878134,0.029834041,0.083296213,-0.022218084,-0.038661563,,,,,,,,
2016-07-08,-0.0545,-0.034863666,-0.000857,0.045202146,-0.0632,-0.053944362,,,,,,,,
2016-07-15,-0.030854897,0.004195513,0.029783363,0.068250799,-0.021907873,0.003574835,,,,,,,,
2016-07-22,4.37e-05,0.034037534,0.042181499,0.068706485,0.03879806,0.047347902,,,,,,,,
2016-07-29,-0.015482345,0.01872998,0.036518978,0.070151632,0.079664269,0.104142318,,,,,,,,
2016-07-31,,,,,,,0.543184388,0.162912764,-0.061304657,-10.9062265,-0.188442267,-6.998968942,-2.603183872,-10.03402309
2016-08-05,-0.054820465,0.012262602,0.021608228,0.065346234,0.08669935,0.106200952,,,,,,,,
2016-08-12,0.006383822,0.02261036,0.023144045,0.03991568,0.102082303,0.093327916,,,,,,,,
2016-08-19,-0.070259215,0.024574348,0.026626659,0.086639295,0.083701804,0.054275584,,,,,,,,
2016-08-26,-0.080077349,0.029541286,0.012639309,0.048600593,0.037014534,0.026347236,,,,,,,,
2016-08-31,,,,,,,0.432433106,0.400469008,-0.494402114,0.660068403,0.261629577,8.172315737,1.526747213,15.64043567
2016-09-02,-0.067207297,0.024914914,0.008012899,0.020756984,-0.01208104,0.002633389,,,,,,,,
2016-09-09,-0.0957,-0.0129,0.00025,0.009813709,-0.0242,0.000861,,,,,,,,
2016-09-16,-0.08127116,-0.03567369,-0.033438427,-0.048840693,-0.066072375,0.001954197,,,,,,,,
2016-09-23,0.01162663,-0.011726953,-0.005590133,-0.037078257,-0.021114164,0.006478042,,,,,,,,
2016-09-30,0.026411668,-0.00298,0.001374326,-0.004478061,0.002686344,-0.00023,0.0,-0.196256102,0.507958979,0.0,0.593968297,-2.360624638,-2.631730832,-4.72183479
2016-10-07,0.026603518,0.051229231,0.018283341,0.061062283,0.021393693,-0.033934814,,,,,,,,
2016-10-14,0.0193,0.067268414,-0.000144,0.020678381,0.0495,-0.0665441,,,,,,,,
2016-10-21,-0.021300965,0.045486257,-0.002548628,0.023372658,0.036598063,-0.060453929,,,,,,,,
2016-10-28,-0.043306338,0.035362134,-0.020166657,0.015930478,-0.018215873,-0.073155424,,,,,,,,
2016-10-31,,,,,,,0.107816722,0.113271675,-0.328911091,6.371581439,0.134973804,0.541419839,3.171397549,1.030759856
2016-11-04,-0.040217245,-0.046212014,-0.037746986,-0.019346114,-0.044142841,-0.098678942,,,,,,,,
2016-11-11,-0.025428023,-0.049304135,-0.033862955,-0.034296766,-0.021551387,-0.043948803,,,,,,,,
2016-11-18,0.018524476,-0.066844226,-0.020324483,-0.001655576,-0.057279041,-0.052064848,,,,,,,,
2016-11-25,-0.014838065,-0.090873949,-0.013545346,0.018575997,-0.079759508,-0.054170341,,,,,,,,
2016-11-30,,,,,,,0.537346806,0.177201396,0.340793667,-0.495050516,-0.145363955,3.814021602,-0.323450417,1.206164287
2016-12-02,-0.017990088,-0.077024067,0.005220783,0.052093052,-0.056635273,-0.053611405,,,,,,,,
2016-12-09,-0.006960919,-0.045218697,0.045424203,0.091903053,-0.061882469,-0.039974749,,,,,,,,
2016-12-16,0.001982306,-0.032471513,0.056997795,0.110309811,-0.040822112,-0.022124832,,,,,,,,
2016-12-23,-0.018387439,-0.014857091,0.058143315,0.093372737,0.007310156,0.01952867,,,,,,,,
2016-12-30,-0.010154505,-0.003444182,0.050913228,0.066403607,0.030756707,0.049648106,,,,,,,,
2016-12-31,,,,,,,0.534474816,0.372229858,-0.107102178,4.250791747,0.103852954,2.666824708,1.180904759,-4.489704299
2017-01-06,-0.022924881,0.002972058,0.041298263,0.044805506,0.054698266,0.087152529,,,,,,,,
2017-01-13,-0.041938716,-0.00516241,0.04255199,0.055749307,0.033267644,0.067062608,,,,,,,,
2017-01-20,-0.021109847,-0.010448138,0.027155573,0.041943391,-0.018658128,0.013141484,,,,,,,,
2017-01-27,-0.015634981,0.002904894,0.044444029,0.102047858,-0.01944529,-0.027907437,,,,,,,,
2017-01-31,,,,,,,0.531633363,-0.217905936,-0.210335989,-5.248306252,1.063455379,-3.922071315,-1.288954473,0.440568163
2017-02-03,0.027756562,0.010802413,0.027955158,0.086813037,-0.015747084,-0.075280661,,,,,,,,
2017-02-10,0.059510341,0.027777979,0.00107434,0.037568218,0.00208144,-0.061754694,,,,,,,,
2017-02-17,0.050444568,0.024684203,0.002802127,0.017484317,0.03068851,-0.059935416,,,,,,,,
2017-02-24,0.0632,0.041829558,0.000242,-0.007989318,0.0576,-0.030454246,,,,,,,,
2017-02-28,,,,,,,0.317628642,0.221658774,-0.162065404,3.206193246,0.266666825,5.528531566,1.608613775,-12.57494469
2017-03-03,0.013588023,-0.005902793,-0.007064341,-0.009629655,0.061700637,-0.041535121,,,,,,,,
2017-03-10,-0.009696319,-0.019327185,0.014267446,0.023046511,0.051324194,-0.014665402,,,,,,,,
2017-03-17,-0.028876139,0.006964479,0.044455557,0.083195352,0.052903856,0.028300908,,,,,,,,
2017-03-24,-0.020609319,-0.004878984,0.038184997,0.07913579,0.05685724,0.032560638,,,,,,,,
2017-03-31,-0.000908,0.017461117,0.036630883,0.061812172,0.033215683,0.039417558,0.421941554,0.209934473,0.031781297,0.363416511,-0.061475412,3.906746819,-1.500564062,24.24573293
2017-04-07,0.017569442,0.053243183,0.024363166,0.046986315,0.023644585,0.047486506,,,,,,,,
2017-04-14,0.0114,0.02899985,-0.000815,0.023040792,-0.00312,-0.00638012,,,,,,,,
2017-04-21,0.0446918,0.049438654,-0.010047438,-0.01074501,0.005212812,-0.027338653,,,,,,,,
2017-04-28,0.017269724,0.032334525,0.022700938,0.065737211,0.001668901,-0.025132049,,,,,,,,
2017-04-30,,,,,,,0.21030502,-0.078673789,-0.120795294,1.678696495,-0.133326516,-2.227695028,0.645858004,-8.248400996
2017-05-05,0.02489449,0.02192321,0.046584542,0.08486768,0.006211719,-0.005098413,,,,,,,,
2017-05-12,0.061408441,0.038118696,0.07326141,0.089150652,0.020446677,0.02989467,,,,,,,,
2017-05-19,0.052761895,0.043100768,0.072429495,0.07518325,0.013528582,0.052982585,,,,,,,,
2017-05-26,0.067977549,0.049998295,0.083824789,0.077986501,0.05175629,0.082038547,,,,,,,,
2017-05-31,,,,,,,0.419287826,-0.011244167,0.166176269,0.237529803,0.112826311,3.275822775,0.0,0.778609214
2017-06-02,0.09202393,0.097468712,0.059375829,0.035609963,0.051528562,0.069851683,,,,,,,,
2017-06-09,0.073935871,0.07100123,0.043075289,0.029778606,0.014899342,0.05340941,,,,,,,,
2017-06-16,0.025354838,0.028595293,0.030314592,0.029173826,0.006902423,0.066418034,,,,,,,,
2017-06-23,-0.008953727,-0.010647151,0.033363597,0.067462157,-0.039225345,0.021123957,,,,,,,,
2017-06-30,-0.046037907,-0.015961376,0.021568484,0.054276735,-0.046950478,-0.007374651,0.208986492,0.003748196,0.057217207,0.944517057,-0.215506266,3.355393992,0.854706058,3.136926367
2017-07-07,-0.080648207,-0.050808897,0.013350692,0.047727833,-0.01581233,0.001511103,,,,,,,,
2017-07-14,-0.089275545,-0.039905897,0.037381589,0.090843252,-0.01348349,-0.053178354,,,,,,,,
2017-07-21,-0.057760924,-0.020821808,0.037616318,0.079927748,0.036858504,-0.032889645,,,,,,,,
2017-07-28,-0.016102129,-0.018904383,-0.001365216,-0.014231764,0.015785737,-0.004387379,,,,,,,,
2017-07-31,,,,,,,0.104329691,0.198453625,-0.124097082,-1.658805808,0.16423736,-3.071437341,-0.854706058,3.310602836
2017-08-04,-0.022832838,-0.040803834,0.001114646,-0.012182767,-0.044998029,0.015124213,,,,,,,,
2017-08-11,-0.003073012,-0.058374176,-0.047228105,-0.092906547,-0.068714734,-0.004254408,,,,,,,,
2017-08-18,0.0180208,-0.052441058,-0.035182606,-0.069659441,-0.090762002,0.023046233,,,,,,,,
2017-08-25,-0.008283957,-0.050997298,-0.015018546,-0.027767819,-0.100832437,0.013551291,,,,,,,,
2017-08-31,,,,,,,0.312337578,-0.044898418,-0.268447468,-3.278982282,0.572715822,-0.094562655,-0.322407587,9.694709989
2017-09-01,-0.018397468,-0.0742,-0.002814278,0.000663,-0.071072881,0.000395,,,,,,,,
2017-09-08,-0.015675526,-0.079729062,0.023688259,0.072427285,-0.072239048,-0.02837071,,,,,,,,
2017-09-15,-0.009518458,-0.060021602,0.050422311,0.112902037,-0.069030733,0.031759325,,,,,,,,
2017-09-22,-0.037235803,-0.079926372,0.039198387,0.119524643,-0.084463199,-0.019657561,,,,,,,,
2017-09-29,-0.036140832,-0.040323953,0.035521498,0.088865879,-0.063327502,-0.001364521,,,,,,,,
2017-09-30,,,,,,,0.518404479,0.231758477,-0.404190737,5.873467432,0.112113348,6.943427516,2.550616484,-5.87970246
2017-10-06,-0.026184898,-0.007948805,0.032598731,0.068803125,-0.041933622,0.018934795,,,,,,,,
2017-10-13,-0.022141088,0.045735337,0.054056723,0.073961377,-0.006256674,0.02120541,,,,,,,,
2017-10-20,-0.003767436,0.05881072,0.044072829,0.028488636,0.030367742,0.05214088,,,,,,,,
2017-10-27,0.029269066,0.06625558,0.040184811,0.007537515,0.046533442,0.046216014,,,,,,,,
2017-10-31,,,,,,,0.0,0.0,0.426349241,-2.71403089,-0.091719752,-19.20777317,-1.267176407,-13.58817746
2017-11-03,0.034385854,0.068302089,0.074809674,0.078766293,0.028756723,0.019989468,,,,,,,,
2017-11-10,0.052483094,0.059139308,0.054937451,0.055285044,0.019862471,0.014495519,,,,,,,,
2017-11-17,0.038393707,0.02204749,0.028979144,0.030904425,-0.046572837,-0.024654183,,,,,,,,
2017-11-24,0.02811501,0.019799961,0.030804547,0.045622477,-0.080139537,0.005805559,,,,,,,,
2017-11-30,,,,,,,0.412797284,0.044794506,-0.6991703,7.042724897,-0.747074037,10.45045344,3.754351246,13.95269791
2017-12-01,0.005661883,0.013690028,-0.025935491,-0.055931435,-0.07266904,0.004903845,,,,,,,,
2017-12-08,-0.025052349,-0.011916491,-0.049814906,-0.068780271,-0.078599841,-0.012254839,,,,,,,,
2017-12-15,-0.000104,0.003569445,-0.046107008,-0.084946609,-0.011422867,0.010303481,,,,,,,,
2017-12-22,-0.020190411,-0.031772983,-0.059552957,-0.099080494,-0.004158298,-0.015965177,,,,,,,,
2017-12-29,-0.017748029,-0.024728376,-0.027222909,-0.038831341,0.026350896,-0.01055209,,,,,,,,
2017-12-31,,,,,,,-0.309438101,0.420833722,-0.458555357,-5.146933523,0.358882723,2.379931462,-2.172873899,-3.942691998
2018-01-05,0.000784,-0.01729384,0.013235733,0.020501161,0.060317882,0.040672606,,,,,,,,
2018-01-12,-0.007970926,0.01530971,-0.001826104,-0.04358641,0.072090022,0.046326729,,,,,,,,
2018-01-19,-0.006628599,0.048520829,0.014853167,-0.013002355,0.069490633,0.052097545,,,,,,,,
2018-01-26,0.040514199,0.091237235,0.037788904,0.011493901,0.082243107,0.09903916,,,,,,,,
2018-01-31,,,,,,,0.412371718,0.107716604,-0.061371282,2.549384883,0.418773913,7.34357936,1.453815845,10.62747798
2018-02-02,0.036946404,0.086024604,-0.005866285,-0.070520871,0.079539472,0.071350615,,,,,,,,
2018-02-09,-0.014115294,-0.008957767,-0.060876655,-0.104198667,-0.042910247,-0.003930995,,,,,,,,
2018-02-16,-0.059348529,-0.038900475,-0.019269527,-0.002230165,-0.067513841,-0.044944664,,,,,,,,
2018-02-23,-0.038602096,-0.044081015,-0.030938569,-0.046183498,-0.045463148,-0.049070618,,,,,,,,
2018-02-28,,,,,,,0.308166654,-0.767686561,0.537069487,1.814108707,0.76154097,-0.789824202,1.127638807,-17.49748156
2018-03-02,-0.092811857,-0.090709854,-0.04153009,-0.053784762,-0.115533159,-0.105939324,,,,,,,,
2018-03-09,-0.040579164,-0.027416211,0.030604747,0.075056324,-0.009059874,-0.057219666,,,,,,,,
2018-03-16,0.013658427,0.013443999,0.059530001,0.098746012,0.034318285,0.002573366,,,,,,,,
2018-03-23,-0.019379714,-0.018311291,0.006760334,0.035270247,-0.015021115,-0.014435098,,,,,,,,
2018-03-30,0.01270101,0.028059167,0.015873731,0.050687192,0.047609941,0.012426831,,,,,,,,
2018-03-31,,,,,,,0.204918104,0.246600035,-1.154245532,2.988600953,-0.11133041,-5.431198935,1.115064772,15.0282203
2018-04-06,0.028136376,0.043823529,0.004475587,0.009380719,0.042144161,-0.020288744,,,,,,,,
2018-04-13,0.006407006,0.034898826,-0.003841988,-0.015150087,0.041792191,-0.019524476,,,,,,,,
2018-04-20,0.035935528,0.03798306,0.013565752,0.014519177,0.171073425,0.042376675,,,,,,,,
2018-04-27,0.044386831,0.042112098,0.031587255,0.054591048,0.167655342,0.020271898,,,,,,,,
2018-04-30,,,,,,,0.0,0.059690358,0.111583304,0.0,0.182112555,-3.985347144,-0.809721023,-0.758684701
2018-05-04,0.03144476,-0.004379985,0.011911079,0.043874841,0.247658377,0.067087196,,,,,,,,
2018-05-11,0.044139749,-0.000507,0.011454447,0.037604036,0.215358417,0.104484409,,,,,,,,
2018-05-18,0.030529543,0.008160761,-0.011048732,-0.013597371,0.202778611,0.063867545,,,,,,,,
2018-05-25,-0.003956115,-0.01662376,-0.004059122,0.020489301,0.069312949,-0.030596215,,,,,,,,
2018-05-31,,,,,,,0.204499049,-0.216547277,-0.308567526,-3.326248995,0.050528019,-2.251685928,-0.918842605,1.900398093
2018-06-01,0.029166618,-0.0132,-0.003485554,-9.02e-05,0.078053602,0.00759,,,,,,,,
2018-06-08,0.075673648,-0.010519123,-0.002777126,-0.012006935,0.01020198,-0.002178594,,,,,,,,
2018-06-15,0.062878576,-0.026742113,-0.021403766,-0.03126598,-0.059527494,-0.045866566,,,,,,,,
2018-06-22,0.062387881,-0.046355728,-0.042454041,-0.057909445,-0.104637364,-0.063390438,,,,,,,,
2018-06-29,0.039774231,-0.028841452,-0.064038043,-0.093310957,-0.130625252,-0.078099545,,,,,,,,
2018-06-30,,,,,,,0.204081703,0.123265428,-6.500074621,-0.906008462,-0.202265441,-4.869115917,0.511510067,-2.81257155
2018-07-06,-0.038664081,-0.058950354,-0.086186368,-0.096730926,-0.166904788,-0.145433313,,,,,,,,
2018-07-13,-0.062336892,-0.082409592,-0.051681689,-0.032229017,-0.142904563,-0.137511179,,,,,,,,
2018-07-20,-0.103092884,-0.0936,-0.035637298,-0.000249,-0.136832652,-0.126,,,,,,,,
2018-07-27,-0.074901974,-0.063842534,-0.019490774,0.002362492,-0.044011369,-0.034481065,,,,,,,,
2018-07-31,,,,,,,0.101884879,-0.11579047,4.780595107,0.227272825,-0.192531853,0.0,0.407332539,1.160838838
2018-08-03,-0.051533401,-0.045582786,-0.001121278,0.001878308,0.009309498,0.015541468,,,,,,,,
2018-08-10,-0.042100461,-0.010534788,-0.004098444,-0.03037931,0.023132245,0.048904321,,,,,,,,
2018-08-17,-0.068010391,-0.007711114,-0.032161898,-0.079787644,0.042303105,0.066440133,,,,,,,,
2018-08-24,-0.0534,0.007215327,0.000317,-0.029981309,0.0814,0.065132796,,,,,,,,
2018-08-31,-0.062895332,-0.003421694,0.024051,0.028245941,0.018629822,0.016138088,0.20345887,-0.142119853,0.355875277,1.240850664,0.87857167,-0.20811662,-0.305343749,0.422771969
2018-09-07,-0.080968212,-0.008279535,0.00173311,-0.012742435,0.026360941,0.028239141,,,,,,,,
2018-09-14,-0.03236273,0.031240575,0.02559771,0.028861041,0.091632086,0.03032746,,,,,,,,
2018-09-21,-0.000237,0.046804545,0.034344641,0.035272928,0.04372126,0.067420989,,,,,,,,
2018-09-28,0.00271,0.051817611,6.84e-05,-0.031266028,0.0261,0.045787564,,,,,,,,
2018-09-30,,,,,,,-0.101677691,0.414574162,0.354049804,-6.125542611,0.761221624,-3.067400718,-1.644435823,-12.58713755
2018-10-05,-0.02658408,0.017381146,-0.03976358,-0.057989357,0.019091867,0.055192234,,,,,,,,
2018-10-12,-0.061476217,-0.056050123,-0.071678712,-0.045901595,-0.137923669,-0.083378069,,,,,,,,
2018-10-19,-0.052651107,-0.077563871,-0.090178796,-0.064829624,-0.156638099,-0.098231345,,,,,,,,
2018-10-26,-0.08122741,-0.168254516,-0.164612773,-0.135607425,-0.251576163,-0.225902323,,,,,,,,
2018-10-31,,,,,,,0.101677691,0.078239977,-0.320228845,4.543588717,-0.179766352,4.925039276,1.33815687,24.5043547
2018-11-02,-0.087454577,-0.130070666,-0.089095641,-0.032309499,-0.2053403,-0.196545662,,,,,,,,
2018-11-09,-0.041992553,-0.102821464,-0.056625001,-0.00858395,-0.149919046,-0.153899344,,,,,,,,
2018-11-16,0.015275846,-0.059447763,-0.035960883,-0.013057204,-0.063682774,-0.103684625,,,,,,,,
2018-11-23,0.037820483,-0.016713106,-0.024565784,-0.011158627,-0.006251639,-0.050001579,,,,,,,,
2018-11-30,0.065375115,0.024435835,0.001315616,-0.015324182,0.084609744,0.018327119,0.101574412,0.390284287,-0.173105735,2.474816969,-0.712246578,-5.247793725,1.017302771,-12.41306183
2018-12-07,0.078013343,0.016692519,-0.026772943,-0.076198357,0.085681945,0.005280872,,,,,,,,
2018-12-14,0.070051793,0.030356714,-0.033860495,-0.118585679,0.112102216,0.010781183,,,,,,,,
2018-12-21,0.026103564,0.027,-0.026665861,-0.104057952,0.094940277,-3.93e-05,,,,,,,,
2018-12-28,3.92e-05,0.003780871,-0.022026295,-0.083501615,0.056251929,0.001643436,,,,,,,,
2018-12-31,,,,,,,0.0,-0.037104375,-0.049669215,-1.680711832,-0.34288053,-2.952647518,0.202224538,-0.19023932
2019-01-04,0.024448358,-0.00837963,-0.045159592,-0.104706281,0.004294003,-0.001219076,,,,,,,,
2019-01-11,0.011493303,-0.00191817,0.011526061,0.016503654,0.005987244,0.035568532,,,,,,,,
2019-01-18,0.004460571,0.00937141,0.045827573,0.075781672,0.015321012,0.09370008,,,,,,,,
2019-01-25,0.005150541,0.034113437,0.087306541,0.144662581,0.067625519,0.095470124,,,,,,,,
2019-01-31,,,,,,,0.405269045,0.063069248,-0.054532939,-1.47982211,-0.111184122,7.275935428,2.690745292,11.46043157
2019-02-01,0.002865914,0.038837715,0.11491919,0.185630075,0.08970257,0.104972768,,,,,,,,
2019-02-08,-0.003624063,0.024333941,0.083820567,0.134082066,0.075841204,0.095273975,,,,,,,,
2019-02-15,0.000551,0.020222543,0.061147749,0.101983724,0.038860069,0.027477914,,,,,,,,
2019-02-22,0.006643657,0.021618723,0.050673735,0.078680995,0.010714181,0.002481686,,,,,,,,
2019-02-28,,,,,,,-0.405269045,0.066735877,-0.36763735,-1.269491948,0.433927721,-12.04956899,-5.352110144,-35.67122636
2019-03-01,-0.001157854,0.016059718,-0.001204587,-0.012365788,-0.071463223,-0.058489673,,,,,,,,
2019-03-08,-0.012690531,0.014182924,-0.030843209,-0.041766935,-0.112998689,-0.110768436,,,,,,,,
2019-03-15,0.014491207,0.043870844,-0.016793244,-0.030862999,-0.081331511,-0.113769469,,,,,,,,
2019-03-22,-0.011737869,0.021584788,-0.01390492,-0.00376547,-0.090099387,-0.097128606,,,,,,,,
2019-03-29,0.002874524,0.011224172,-0.039725773,-0.028154537,-0.045309534,-0.081199488,,,,,,,,
2019-03-31,,,,,,,0.101471343,0.199940825,-0.699890239,7.385906114,-0.191503359,5.877397528,5.056688954,29.50258191
2019-04-05,-0.0049735,0.026811533,0.02966683,0.0581054,0.021514064,0.030971402,,,,,,,,
2019-04-12,-0.004775646,0.043007818,0.050104517,0.07163457,0.011165821,0.045992767,,,,,,,,
2019-04-19,-0.030899177,0.024029315,0.026244153,0.023002221,-0.00873141,0.04138959,,,,,,,,
2019-04-26,-0.013590917,-0.000821,0.011542474,-0.002694356,-0.001544621,0.032425762,,,,,,,,
2019-04-30,,,,,,,0.0,-0.15547497,-0.122059977,-3.624779039,0.362538161,7.911345734,-1.791092657,5.421345003
2019-05-03,-0.014294305,-0.007031324,0.011787259,0.004401104,-0.012321823,0.015661751,,,,,,,,
2019-05-10,-0.035293292,-0.061514133,-0.067316753,-0.080074843,-0.057833902,-0.076340656,,,,,,,,
2019-05-17,-0.067391213,-0.096259913,-0.096993407,-0.110433746,-0.01595174,-0.072635402,,,,,,,,
2019-05-24,-0.068161614,-0.104488018,-0.08578999,-0.075137144,-0.031627008,-0.085185607,,,,,,,,
2019-05-31,-0.085075871,-0.105237275,-0.077564161,-0.078863506,-0.021083563,-0.064341633,0.606675268,0.062959467,-0.274577987,0.0,0.170742772,-4.565108003,0.700353038,-3.399685006
2019-06-07,-0.073020542,-0.083065002,-0.03507747,-0.025059659,0.03224546,-0.029918971,,,,,,,,
2019-06-14,-0.002085737,-0.034386738,0.013537881,0.018344712,0.096178419,0.049858629,,,,,,,,
2019-06-21,0.020180008,0.000704,0.048537875,0.061400073,0.071477298,0.077814426,,,,,,,,
2019-06-28,0.018430017,0.019246302,0.058257185,0.082768827,0.057843048,0.046832779,,,,,,,,
2019-06-30,,,,,,,0.201409937,0.214505057,-0.088087935,-2.262539952,-0.160691006,-4.450001697,-1.405645634,-15.10920538
2019-07-05,0.025551599,0.01733564,0.037301698,0.043796231,0.016961938,0.029218175,,,,,,,,
2019-07-12,-0.014441266,-0.024704416,0.017142216,0.050442558,-0.087442122,-0.019699689,,,,,,,,
2019-07-19,-0.053497237,-0.049887816,0.006978251,0.049678078,-0.134863326,-0.046060759,,,,,,,,
2019-07-26,-0.071770989,-0.067211964,-0.02028445,0.024398215,-0.149772781,-0.063398829,,,,,,,,
2019-07-31,,,,,,,0.201005093,-0.018473703,-0.284764216,-2.314918187,-0.301993384,4.979383558,-0.506843457,17.27749449
2019-08-02,-0.100292928,-0.095734507,-0.057603017,-0.01936904,-0.169172169,-0.074525707,,,,,,,,
2019-08-09,-0.129759962,-0.111338661,-0.081188233,-0.056278792,-0.152542784,-0.085186261,,,,,,,,
2019-08-16,-0.119141571,-0.103501151,-0.071536393,-0.05162792,-0.129660569,-0.071143205,,,,,,,,
2019-08-23,-0.094197105,-0.062241702,-0.063139605,-0.064485817,-0.069473648,-0.053071615,,,,,,,,
2019-08-30,-0.05709238,-0.043418742,-0.027191772,-0.036641954,-0.029263154,-0.014317665,,,,,,,,
2019-08-31,,,,,,,0.300752106,0.350418093,0.468752247,6.351340572,0.241667623,0.631581047,3.691192111,-3.414965985
2019-09-06,0.003704898,-0.004708549,0.038243852,0.051953665,-0.003177842,0.021060237,,,,,,,,
2019-09-13,0.045906518,0.044740497,0.068307769,0.075565616,0.059470148,0.060657926,,,,,,,,
2019-09-20,0.074983095,0.053596751,0.086814999,0.099260656,0.094838797,0.082739407,,,,,,,,
2019-09-27,0.061631073,0.015316141,0.059775499,0.08046404,0.054348222,0.047546875,,,,,,,,
2019-09-30,,,,,,,0.2998503,0.077295401,-0.855098568,1.418463499,0.36140989,-2.443031751,-2.579508101,-6.242697571
2019-10-04,0.020865584,-0.013453607,0.026065562,0.044558433,0.029281115,0.019301613,,,,,,,,
2019-10-11,-0.000648,-0.021424968,0.015747559,0.03514495,-0.014152742,-0.02582064,,,,,,,,
2019-10-18,-0.00639,-0.02282223,-0.000893,0.018646441,-0.0242,-0.031890264,,,,,,,,
2019-10-25,-0.007986259,-0.010610408,0.013888609,0.036725519,-0.059647654,-0.063904084,,,,,,,,
2019-10-31,,,,,,,0.298953885,0.326923721,0.241671701,-1.198924443,0.250212811,3.797924807,0.301053915,9.577695539
2019-11-01,0.01891113,0.031522819,0.037274,0.053659466,-0.04487545,-0.049813001,,,,,,,,
2019-11-08,0.042349617,0.073276678,0.047784224,0.063166008,0.018306767,-0.010246154,,,,,,,,
2019-11-15,0.048610926,0.069865491,0.051945218,0.076415182,0.002911614,-0.019503792,,,,,,,,
2019-11-22,0.011835138,0.021545851,0.006386521,0.021573367,-0.019825624,-0.058328729,,,,,,,,
2019-11-29,-0.005400125,0.012182085,-0.013623011,-0.012523273,-0.024971602,-0.039026913,,,,,,,,
2019-11-30,,,,,,,0.0,0.05499441,-0.104974055,3.871451218,-0.561348707,-1.670184962,3.058945952,-14.63368431
2019-12-06,-0.022094698,-0.00982268,-0.027834497,-0.021340552,-0.055269046,-0.040656501,,,,,,,,
2019-12-13,-0.020031861,-0.007339546,0.009723,0.033508326,-0.020967868,-0.016643431,,,,,,,,
2019-12-20,-0.027087387,0.022319966,0.041578415,0.067874434,-0.00526381,0.032715017,,,,,,,,
2019-12-27,0.005903093,0.034284011,0.068044034,0.107100571,0.009399297,0.046906773,,,,,,,,
2019-12-31,,,,,,,0.595239853,0.71218869,-0.050083923,3.115516778,0.240963972,4.527522206,0.967125527,14.74029413
2020-01-03,0.003952268,0.036566321,0.061491057,0.100650987,0.015879697,0.030763357,,,,,,,,
2020-01-10,-0.022285686,0.019880598,0.067566485,0.121694556,-0.048194165,0.00417543,,,,,,,,
2020-01-17,0.028386449,0.018246611,0.053212591,0.095389536,-0.021686782,-0.00629419,,,,,,,,
2020-01-24,0.01123315,0.020282032,0.039575625,0.071131517,-0.019578686,-0.017046388,,,,,,,,
2020-01-31,-0.045822197,-0.051561382,-0.019930867,0.006100043,-0.07368756,-0.075286605,0.296296513,0.287090231,0.350112615,-5.788043553,0.370352258,-9.159475654,-3.825871212,-7.263371004
2020-02-07,-0.00486,-0.01648306,0.026110619,0.051429363,0.000728,-0.037468251,,,,,,,,
2020-02-14,0.012948485,-0.006772963,0.022877737,0.036965193,-0.023550357,-0.032969393,,,,,,,,
2020-02-21,-0.028300114,-0.079966536,-0.024254732,-0.008865839,-0.096651115,-0.082859969,,,,,,,,
2020-02-28,-0.062872721,-0.112709618,-0.084662919,-0.075269944,-0.129035921,-0.09963327,,,,,,,,
2020-02-29,,,,,,,-0.49431638,-0.319849071,-1.103184187,-8.947673991,0.069912612,9.661232853,-5.129329439,-23.26052448
2020-03-06,-0.0088994,-0.062802595,-0.048129717,-0.03216956,-0.105260603,-0.05887798,,,,,,,,
2020-03-13,-0.171032926,-0.235266704,-0.226657654,-0.209480873,-0.304223638,-0.301033879,,,,,,,,
2020-03-20,-0.249310093,-0.337359719,-0.337122872,-0.313420659,-0.416712729,-0.413678081,,,,,,,,
2020-03-27,-0.133628278,-0.202834782,-0.183330618,-0.170783644,-0.263721728,-0.27698452,,,,,,,,
2020-03-31,,,,,,,-0.996024171,-2.387293333,-5.41460986,11.7256304,-0.219890144,0.100050033,-1.164650539,22.49853387
2020-04-03,-0.011321481,-0.192260123,-0.153281809,-0.169695361,-0.1358879,-0.221262482,,,,,,,,
2020-04-10,0.055413779,-0.023119921,-0.024102854,-0.073283219,0.026812343,-0.033179221,,,,,,,,
2020-04-17,0.178231737,0.130917121,0.135319456,0.086080771,0.246636098,0.16305866,,,,,,,,
2020-04-24,0.223449711,0.165365145,0.130252192,0.063835958,0.293739425,0.178702387,,,,,,,,
2020-04-30,,,,,,,-0.904983552,-1.121058551,-5.77930996,3.214377305,-0.441236175,0.199800266,3.351098908,-0.666089923
2020-05-01,0.16441401,0.209369743,0.105777455,0.059950955,0.247381711,0.153435829,,,,,,,,
2020-05-08,0.126003333,0.144761908,0.063674772,0.034742171,0.145022782,0.099948354,,,,,,,,
2020-05-15,0.180731039,0.051833355,0.001045381,-0.029142756,0.041901698,0.042082517,,,,,,,,
2020-05-22,0.134596287,0.049846692,0.01482795,-0.01062881,0.031198776,0.066508806,,,,,,,,
2020-05-29,0.081855742,0.022836743,0.046222427,0.035319277,0.051973323,0.09550196,,,,,,,,
2020-05-31,,,,,,,-0.811363477,0.376336437,6.63443886,4.684463826,-0.060319696,-3.866198703,4.234503596,-3.986598886
2020-06-05,0.067391054,0.052600256,0.120530356,0.118893012,0.079283524,0.145382644,,,,,,,,
2020-06-12,0.051340171,0.017581922,0.110702239,0.08689279,0.033574592,0.110350487,,,,,,,,
2020-06-19,0.036127747,0.053590628,0.109428983,0.094059584,0.035811742,0.110290914,,,,,,,,
2020-06-26,0.054189731,0.009146807,0.083955064,0.068248971,-0.027042667,0.038752856,,,,,,,,
2020-06-30,,,,,,,0.20345887,0.371183149,1.343472064,5.493805605,0.271152564,4.463215402,2.148520145,5.027221082
2020-07-03,0.066315637,-0.028394378,0.029851075,0.013139925,-0.05481658,-0.002961635,,,,,,,,
2020-07-10,0.084596136,-0.066021784,-0.008005065,-0.017865462,-0.054736359,-0.01950875,,,,,,,,
2020-07-17,0.032960568,-0.018504126,0.030289261,0.028268597,0.037753289,0.012829652,,,,,,,,
2020-07-24,0.010922841,-0.042289678,0.035921032,0.021822809,0.046005042,0.077970798,,,,,,,,
2020-07-31,0.013139931,-0.02101806,0.061044844,0.067890598,0.038384895,0.14608682,0.40568007,0.310135699,0.550767089,-12.86715945,-0.080264878,2.159063259,-4.546237408,-0.27355859
2020-08-07,0.038847404,-0.001567081,0.111599091,0.07846757,0.06029601,0.141110024,,,,,,,,
2020-08-14,0.036563014,0.090273767,0.113730827,0.073944105,0.054936231,0.212818475,,,,,,,,
2020-08-21,0.012213203,0.018258211,0.053138251,0.017016905,-0.048641613,0.161915939,,,,,,,,
2020-08-28,0.024143553,0.024706134,0.054011843,-0.001386301,0.010060302,0.130688165,,,,,,,,
2020-08-31,,,,,,,0.605450891,0.286858723,5.527568924,10.25263144,0.560505921,-6.622278661,2.594955985,0.689657906
2020-09-04,-0.036955678,0.02153509,0.021912001,-0.024532418,0.004565314,0.155251664,,,,,,,,
2020-09-11,-0.053945248,0.012533045,0.010358951,0.017535062,-0.007379162,0.087027134,,,,,,,,
2020-09-18,-0.035689017,-0.004532146,0.033547782,0.049152585,0.019292566,0.063210252,,,,,,,,
2020-09-25,-0.088155938,-0.014018603,-0.013742635,0.037790478,-0.037899567,-0.015708333,,,,,,,,
2020-09-30,,,,,,,0.801607499,-0.335370712,-5.301499534,-2.879277594,0.547455705,16.68146688,1.564059254,6.459221385
2020-10-02,-0.05100718,0.012283082,-0.004949634,0.042772071,-0.050228707,-0.024225215,,,,,,,,
2020-10-09,-0.025430097,-0.001254614,0.013749518,0.03676949,-0.033426288,0.007467065,,,,,,,,
2020-10-16,-0.060278029,-0.018353694,-0.0234763,0.001356517,-0.021452169,-0.03183442,,,,,,,,
2020-10-23,-0.03463156,0.03417205,0.002665502,0.016445353,0.047232081,0.037713588,,,,,,,,
2020-10-30,-0.07373267,0.023809059,-0.016383299,-0.026331227,0.034512745,0.007094373,,,,,,,,
2020-10-31,,,,,,,0.497761107,0.223705399,0.051627043,2.595051917,-0.557437239,-18.24971648,-0.974666585,-1.052499258
2020-11-06,-0.044330345,0.047176447,0.028136877,0.021906276,0.036938267,0.029926597,,,,,,,,
2020-11-13,-0.053127095,0.090901181,0.058347993,0.057382771,0.076727456,0.105544778,,,,,,,,
2020-11-20,-0.00619615,0.081341274,0.095866739,0.088131587,0.089517774,0.131339974,,,,,,,,
2020-11-27,0.019882666,0.078353174,0.153414092,0.159432516,0.113794722,0.173263233,,,,,,,,
2020-11-30,,,,,,,0.791299876,0.59781475,-0.26987854,0.284225677,-0.08987867,3.723284256,-0.490919003,1.360748514
2020-12-04,0.021209752,0.078511957,0.183623939,0.207539357,0.153763357,0.135357568,,,,,,,,
2020-12-11,0.034139504,0.075522009,0.143673006,0.17668882,0.197053176,0.093126187,,,,,,,,
2020-12-18,0.033493934,0.038588293,0.116048446,0.143990975,0.129877222,0.04305667,,,,,,,,
2020-12-25,0.028488213,0.060026771,0.10000436,0.152127605,0.079150662,-0.001627317,,,,,,,,
2020-12-31,,,,,,,0.098473666,-0.59781475,-1.128632814,-1.333353087,0.239497171,6.770608793,0.392927814,7.982652151
2021-01-01,0.032787659,0.055624875,0.090546146,0.14646219,0.071890171,0.019791235,,,,,,,,
2021-01-08,0.076235033,0.097602155,0.164303634,0.21103986,0.084405499,0.089605533,,,,,,,,
2021-01-15,0.057980431,0.087749489,0.13082652,0.179895515,0.060561767,0.038472275,,,,,,,,
2021-01-22,0.053061979,0.076568421,0.138958338,0.16481496,0.119462945,0.085502124,,,,,,,,
2021-01-29,0.015353116,-0.00655,0.058166151,0.057608715,0.018721028,-4.46e-05,,,,,,,,
2021-01-31,,,,,,,-0.098473666,-1.112266874,0.343333044,6.405901981,0.70517251,5.805406997,2.037916234,-7.728726187
2021-02-05,0.025795733,0.006084005,0.038776844,0.01012539,0.041998775,0.018728301,,,,,,,,
2021-02-12,0.00188,-0.017870194,-0.016004392,-0.04698417,-0.000212,0.01769874,,,,,,,,
2021-02-19,0.028368371,-0.028246765,-0.01046639,-0.028065795,-0.038617371,-0.009448374,,,,,,,,
2021-02-26,-0.004104018,-0.015621431,-0.021796884,-0.01660958,-0.048173761,-0.076425505,,,,,,,,
2021-02-28,,,,,,,0.196850457,1.550766276,0.343191103,-5.167201054,0.533018733,-4.485877955,-2.332467257,-7.509412501
2021-03-05,0.012327913,0.004144954,-0.015023107,-0.003958485,-0.046914563,-0.04278648,,,,,,,,
2021-03-12,0.003813194,-0.015659774,-0.025308557,-0.00165175,-0.036110388,-0.035029207,,,,,,,,
2021-03-19,-0.001384486,-0.004573626,-0.032162784,-0.01354995,0.00126824,-0.024175367,,,,,,,,
2021-03-26,0.005631301,0.015888898,-0.022551922,-0.025485615,0.076461649,0.105905663,,,,,,,,
2021-03-31,,,,,,,0.58823699,0.59152082,0.378670369,1.503787736,0.255628888,2.130696631,2.140159505,22.51559136
2021-04-02,0.025076695,0.019936955,0.024753166,0.02500691,0.092459666,0.14505159,,,,,,,,
2021-04-09,0.02792531,0.03037787,0.018491774,0.013748445,0.132866093,0.146371794,,,,,,,,
2021-04-16,0.01008768,0.045839673,0.041494646,0.02025075,0.101605192,0.12100829,,,,,,,,
2021-04-23,-0.000779,0.027248916,0.040743461,0.016228995,0.088452546,0.089003478,,,,,,,,
2021-04-30,-0.014158775,0.036381608,0.008114959,-0.02314083,0.075198716,0.033956644,1.069528912,0.169416658,0.196802485,-0.280243061,0.137376138,8.011321213,1.528205481,1.289751372
2021-05-07,0.019238373,0.043047437,0.004977438,-0.036055185,0.099012859,0.025250199,,,,,,,,
2021-05-14,0.054810599,0.036265365,-0.022426689,-0.06867834,0.053641092,-0.027518226,,,,,,,,
2021-05-21,0.026946201,0.013520764,-0.027958907,-0.05604893,0.036529025,-0.011481434,,,,,,,,
2021-05-28,0.086098859,0.034746565,-0.01068211,-0.03160199,0.063031704,0.078494556,,,,,,,,
2021-05-31,,,,,,,0.386100866,0.202187368,-0.461608486,-0.28103063,0.068617363,-9.58179229,-0.665718103,-2.969489678
2021-06-04,0.079992775,0.035840985,0.011278975,0.00385729,0.077383129,0.184997127,,,,,,,,
2021-06-11,0.02289222,0.027259558,0.010585884,0.010743105,0.048533259,0.170448851,,,,,,,,
2021-06-18,0.021088505,0.009892285,0.021073968,0.02463984,0.041729232,0.198355604,,,,,,,,
2021-06-25,0.00693053,0.01166438,0.032361557,0.03498889,0.033453361,0.128529062,,,,,,,,
2021-06-30,,,,,,,0.192492841,0.231095237,0.184285461,-0.093852658,0.0,6.663130181,1.138532223,-1.222394159
2021-07-02,-0.023143129,-0.016556799,0.012041958,0.006021295,0.030552737,0.02781243,,,,,,,,
2021-07-09,-0.0509008,-0.06259397,-0.012705414,-0.009347975,-0.015347596,-0.025284977,,,,,,,,
2021-07-16,-0.000606,-0.017872558,0.00321833,0.005884245,0.01780105,-0.020113838,,,,,,,,
2021-07-23,-0.011176289,-0.005520618,-0.009892535,-0.00632996,0.005711449,-0.02934509,,,,,,,,
2021-07-30,-0.008517111,0.003514023,-0.02804894,-0.02489407,-0.028591326,-0.058674246,,,,,,,,
2021-07-31,,,,,,,0.192123018,0.194000683,0.198008844,-0.18796998,0.20557004,3.256500268,0.938974035,-0.712084661
2021-08-06,0.019063025,0.04211617,0.009966888,0.01966382,-0.034729367,-0.035516591,,,,,,,,
2021-08-13,-0.039513279,0.005317336,-0.027564475,-0.060701955,-0.072347248,-0.071211065,,,,,,,,
2021-08-20,-0.0984908,-0.086794566,-0.069924927,-0.09150099,-0.15680949,-0.148661636,,,,,,,,
2021-08-27,-0.047541993,-0.042492028,-0.038532355,-0.061246495,-0.073346314,-0.072073465,,,,,,,,
2021-08-31,,,,,,,0.191754613,0.153469537,1.986575727,1.401237313,0.478026372,-7.709595749,-0.468384931,-3.231748719
2021-09-03,-0.034876926,-0.04116406,-0.020526766,-0.04063634,0.001187331,-0.027630976,,,,,,,,
2021-09-10,-0.022898197,-0.035243995,-0.027437352,-0.032726635,0.020530262,-0.052122012,,,,,,,,
2021-09-17,0.02833794,0.026412205,0.016277273,0.033416345,0.106753803,0.022509107,,,,,,,,
2021-09-24,0.014752152,0.023792108,0.019715195,0.033096165,0.08373837,0.010251809,,,,,,,,
2021-09-30,,,,,,,0.286944243,0.258902181,-2.462233636,-5.236798552,0.407925974,-5.138916707,2.411990769,-1.674665448
2021-10-01,-0.056821431,-0.050154748,-0.042636338,-0.038195245,-0.023516595,-0.073873999,,,,,,,,
2021-10-08,-0.052509413,-0.055061238,-0.071294488,-0.07566216,-0.071117685,-0.090331611,,,,,,,,
2021-10-15,-0.032009421,-0.040939293,-0.048497277,-0.07710641,-0.042361665,0.005924064,,,,,,,,
2021-10-22,-0.020565835,-0.050425625,-0.058479654,-0.08047408,-0.060695135,-0.021713069,,,,,,,,
2021-10-29,-0.025108775,-0.048966431,-0.043754057,-0.056517655,-0.037505161,0.037272312,,,,,,,,
2021-10-31,,,,,,,0.381316001,0.152838458,-4.964650333,5.884050002,0.174317302,-5.316212338,-0.367309871,2.580868073
2021-11-05,-0.02403425,-0.039843986,-0.008060761,-0.007242225,-0.019028729,0.08778609,,,,,,,,
2021-11-12,-0.057048485,-0.05540485,-0.010910461,0.016549175,-0.035134166,0.055209198,,,,,,,,
2021-11-19,-0.08250749,-0.069654115,-0.009701516,0.03840268,-0.07549201,-0.013788302,,,,,,,,
2021-11-26,-0.082206676,-0.075277652,-0.009337929,0.04255936,-0.09432852,-0.049775534,,,,,,,,
2021-11-30,,,,,,,0.569261499,0.225192598,5.139872344,-4.524805775,0.501883111,10.18153106,-2.232650878,7.444751152
2021-12-03,-0.069479514,-0.051238543,0.008549448,0.067053675,-0.062346505,-0.098673252,,,,,,,,
2021-12-10,-0.036457865,-0.001308079,0.02799589,0.07697016,-0.026775712,-0.072577922,,,,,,,,
2021-12-17,0.016038535,0.002969394,0.034819621,0.071435385,-0.016132663,-0.051625896,,,,,,,,
2021-12-24,0.016197331,0.014464618,0.039960994,0.088355885,-0.001073606,-0.03105017,,,,,,,,
2021-12-31,0.023927068,0.030915315,0.027000901,0.06040129,-0.010319393,0.019204283,0.754009227,0.318760005,0.300596327,3.505806684,0.163532334,1.450614739,1.67914393,2.789736818
2022-01-07,0.027147495,-0.00541209,0.014714388,0.02531908,0.026035539,0.016123516,,,,,,,,
2022-01-14,-0.003102651,-0.033526557,-0.00949845,0.008714725,-0.030607767,-0.018140431,,,,,,,,
2022-01-21,-0.043723047,-0.051337774,-0.048870364,-0.03926082,-0.093037713,-0.073294501,,,,,,,,
2022-01-28,-0.055282587,-0.102243648,-0.109440489,-0.109671665,-0.097300948,-0.138163917,,,,,,,,
2022-01-31,,,,,,,0.748366449,0.278083929,0.166410722,-4.865050912,0.775531677,4.402119206,-1.585114774,-3.448231477
2022-02-04,0.002638896,-0.057889437,-0.077487065,-0.07177391,-0.089354056,-0.112418953,,,,,,,,
2022-02-11,0.018456466,-0.045590583,-0.078844614,-0.064373415,-0.106828734,-0.118554694,,,,,,,,
2022-02-18,0.031636563,-0.018592929,-0.062905681,-0.061651325,-0.037489422,-0.063504546,,,,,,,,
2022-02-25,0.028746425,0.007142693,-0.04478523,-0.056461345,0.034801828,0.032205633,,,,,,,,
2022-02-28,,,,,,,0.279199809,1.036873582,-0.398444648,7.075085612,0.542161408,-7.975564007,-1.99342149,-9.667801314
2022-03-04,0.015304062,0.040065224,-0.015261519,-0.037814025,0.106815576,0.116937532,,,,,,,,
2022-03-11,-0.054603321,0.043712044,-0.060340357,-0.090487815,0.157817969,0.124459842,,,,,,,,
2022-03-18,-0.048701249,0.039456341,-0.040535647,-0.068093455,0.14412829,0.114758526,,,,,,,,
2022-03-25,-0.007365765,0.036406777,-0.008023235,-0.030334765,0.148030434,0.103725906,,,,,,,,
2022-03-31,,,,,,,0.092893643,-0.210808475,-1.296085623,-5.619455834,0.642967419,-2.550917723,1.99342149,16.84236704
2022-04-01,0.0248,0.041413647,0.000372,-0.01888124,0.0696,0.015972399,,,,,,,,
2022-04-08,0.049725926,0.004076369,0.002628347,-0.00896681,-0.036529773,-0.025343224,,,,,,,,
2022-04-15,0.064878586,-0.000405,0.010589269,-0.010473545,-0.080808089,-0.005840197,,,,,,,,
2022-04-22,0.104311984,0.015590582,0.003845709,-0.01837844,-0.089065139,0.002898548,,,,,,,,
2022-04-29,0.058834416,0.013944819,-0.001580633,-0.025026325,-0.070793154,-0.003892947,,,,,,,,
2022-04-30,,,,,,,-0.092893643,0.289301414,1.038811181,-1.06538538,0.685674034,-0.672110067,-0.47103243,-2.229938027
2022-05-06,0.018244286,-0.004644662,-0.016171669,-0.03462027,-0.053886305,0.022879382,,,,,,,,
2022-05-13,0.004100259,-0.00376562,-0.024554216,-0.02565089,-0.082758244,-0.039715249,,,,,,,,
2022-05-20,-0.028763085,-0.017522035,-0.008054526,0.004426565,-0.096294509,-0.049469449,,,,,,,,
2022-05-27,-0.048524049,-0.019772972,-0.019518024,-0.01983624,-0.079979896,-0.048989751,,,,,,,,
2022-05-31,,,,,,,0.37105794,0.380885038,0.584296872,-0.292540433,0.625206161,9.548532649,-0.47326165,3.7137853
2022-06-03,-0.024772399,0.010183965,0.003992501,-0.002234685,-0.073402887,-0.025179008,,,,,,,,
2022-06-10,-0.04094061,0.00548223,-0.008073544,-0.030513015,-0.046766891,-0.033586137,,,,,,,,
2022-06-17,-0.056078994,-0.058903115,-0.067076829,-0.095947725,-0.089537251,-0.1223863,,,,,,,,
2022-06-24,-0.064851196,-0.084787155,-0.105670484,-0.130567,-0.160015932,-0.159879606,,,,,,,,
2022-06-30,,,,,,,0.277392688,-0.088862039,0.225389878,-2.973459894,0.658293602,-1.322187618,-0.761908448,-9.057888509
2022-07-01,-0.049428517,-0.062117215,-0.138407854,-0.175029034,-0.102992598,-0.089437193,,,,,,,,
2022-07-08,-0.028766849,-0.096314689,-0.10355341,-0.1097559,-0.13748567,-0.119545726,,,,,,,,
2022-07-15,-0.007682797,-0.086424558,-0.056192684,-0.04294893,-0.151091396,-0.08797986,,,,,,,,
2022-07-22,0.00235564,-0.001749203,0.00864325,0.012592355,-0.019895249,0.022286355,,,,,,,,
2022-07-29,0.007050384,0.015207237,0.065818999,0.072180677,0.013395862,0.052606024,,,,,,,,
2022-07-31,,,,,,,0.460618041,0.163445176,0.559700063,-0.100654261,0.479396143,2.107189468,0.381679853,4.089518489
2022-08-05,0.00113949,0.008881135,0.081048932,0.088604167,0.015882939,0.043996743,,,,,,,,
2022-08-12,0.04086192,0.071745759,0.076889663,0.047278915,0.142985009,0.138730382,,,,,,,,
2022-08-19,0.054858318,0.057096044,0.053963621,0.03385586,0.097181974,0.132955843,,,,,,,,
2022-08-26,0.03212579,0.031654358,0.028336629,0.01269835,0.069549643,0.12751432,,,,,,,,
2022-08-31,,,,,,,0.549955557,0.053239633,-0.397948847,6.245932183,-0.092013256,6.556970084,3.371105734,13.52315603
2022-09-02,-0.000168,-0.01462336,-0.016783849,-0.028062,-0.014253777,0.01637754,,,,,,,,
2022-09-09,-0.038234243,-0.031520208,-0.040771005,-0.05281036,-0.090047688,-0.041930144,,,,,,,,
2022-09-16,-0.056612895,-0.054339195,-0.042050288,-0.03676646,-0.106144201,-0.093203567,,,,,,,,
2022-09-23,-0.024905719,-0.076160928,-0.079012193,-0.084365021,-0.150215103,-0.140679213,,,,,,,,
2022-09-30,-0.028216618,-0.112951356,-0.12393293,-0.116633661,-0.225593827,-0.247963936,0.273847729,-0.078094498,-13.29485479,-1.621399373,0.174752861,-8.752930087,-1.952642235,-14.34992588
2022-10-07,-0.018729583,-0.057510048,-0.055361427,-0.01974544,-0.159325701,-0.17073376,,,,,,,,
2022-10-14,-0.043610623,-0.061279176,-0.057673505,-0.01212017,-0.177657949,-0.199090362,,,,,,,,
2022-10-21,-0.067815499,-0.045699736,-0.033309401,0.004585146,-0.196353092,-0.164747612,,,,,,,,
2022-10-28,-0.045077082,0.024548008,0.045952273,0.081812304,-0.096438098,-0.041568711,,,,,,,,
2022-10-31,,,,,,,0.091116179,0.04615412,2.942234486,2.469261259,0.311955478,8.099866541,0.56179923,-2.012590292
2022-11-04,-0.003411369,0.057343115,0.088045199,0.117188578,-0.009022361,0.068658928,,,,,,,,
2022-11-11,0.020751261,0.067310654,0.118318612,0.138400435,0.083314322,0.139236388,,,,,,,,
2022-11-18,0.040224607,0.072265293,0.101982306,0.107764315,0.105652053,0.190425309,,,,,,,,
2022-11-25,0.043518751,0.056996157,0.077347806,0.075536255,0.142566917,0.189881303,,,,,,,,
2022-11-30,,,,,,,-0.182315456,0.049680626,8.548066328,-3.144613561,-0.08248179,-3.58521099,-2.841100183,0.540663628
2022-12-02,0.021899195,0.026745841,0.038385956,0.033231905,0.112067345,0.099541639,,,,,,,,
2022-12-09,0.022147855,0.014750116,-0.038509747,-0.05730828,0.008819813,0.020257356,,,,,,,,
2022-12-16,0.02267796,0.003808101,-0.066000462,-0.09489298,-0.071769328,-0.001422505,,,,,,,,
2022-12-23,0.057467924,0.005282073,-0.080364128,-0.10448231,-0.089405454,-0.078583189,,,,,,,,
2022-12-30,0.040324642,-0.023219112,-0.107202786,-0.139452782,-0.134786206,-0.067303597,,,,,,,,
2022-12-31,,,,,,,-0.457248167,-0.014191946,-0.091545276,-2.15272501,0.174048503,-1.712370608,0.383509578,-2.952622582
2023-01-06,-0.027551223,-0.034440499,-0.063893003,-0.065402325,-0.064969418,-0.052742003,,,,,,,,
2023-01-13,-0.0178,-0.009172378,0.000759,0.00487114,-0.00773,0.020364386,,,,,,,,
2023-01-20,-0.030653445,0.008034071,0.019972199,0.040028045,0.039027533,-0.002925948,,,,,,,,
2023-01-27,-0.031953747,0.027841629,0.094175268,0.132262904,0.072523565,0.049806983,,,,,,,,
2023-01-31,,,,,,,-0.275355842,-0.070989958,-0.601878323,-1.796455498,0.738616407,-14.36988702,-3.406655456,5.393933352
2023-02-03,0.002969608,0.027262596,0.10379362,0.136201409,0.0468649,0.055134054,,,,,,,,
2023-02-10,0.033579334,0.008037732,0.066802587,0.0882091,-0.008636367,0.007964608,,,,,,,,
2023-02-17,0.007441944,-0.00991,0.045022974,0.056035005,-0.023240812,0.000406,,,,,,,,
2023-02-24,0.002669275,-0.030961533,0.006499121,0.002571365,-0.02902845,0.016447558,,,,,,,,
2023-02-28,,,,,,,0.366972889,0.58416551,1.670620243,7.281235547,0.235934774,13.32821093,5.95757318,-15.52841144
2023-03-03,-0.018585049,-0.031185595,-0.008147699,-0.023633055,-0.049184409,0.013657196,,,,,,,,
2023-03-10,-0.039687995,-0.031617934,-0.022385924,-0.035953805,-0.028803921,0.028021892,,,,,,,,
2023-03-17,-0.038734403,-0.053217146,-0.014724718,-0.01596673,-0.036372411,0.003190402,,,,,,,,
2023-03-24,-0.040240552,-0.053641729,0.007567699,0.023458975,-0.06855833,-0.008557738,,,,,,,,
2023-03-31,-0.000809,-0.023221163,0.041381383,0.054605145,-0.03982202,0.033934834,0.63897981,0.341832483,0.22305097,-4.500520136,0.172062528,-5.285601015,-1.883294833,17.64357246
2023-04-07,0.008474072,-0.024741425,0.053682306,0.06633536,-0.009772502,0.009193419,,,,,,,,
2023-04-14,0.020437397,0.024066525,0.088155884,0.07136738,0.028646894,0.099655679,,,,,,,,
2023-04-21,0.040863157,0.02882038,0.066738447,0.04232018,0.072046398,0.131187914,,,,,,,,
2023-04-28,0.023685445,0.015304335,0.029327477,0.014933335,0.059399524,0.07806714,,,,,,,,
2023-04-30,,,,,,,0.453927243,-0.130251897,-0.17074245,-2.078253918,0.225947947,-0.368664012,-0.955117098,-7.856799866
2023-05-05,0.014589841,0.021834605,0.006239317,-0.0093395,0.03155821,0.060863117,,,,,,,,
2023-05-12,0.017045766,0.002646189,-0.030685925,-0.03963089,0.009804792,0.009667177,,,,,,,,
2023-05-19,-0.004328126,0.00660867,-0.007849628,0.01383391,-0.010014932,0.005633198,,,,,,,,
2023-05-26,-0.004333358,-0.004981996,0.02398741,0.055297405,-0.004621674,0.015787047,,,,,,,,
2023-05-31,,,,,,,0.271370587,0.337600546,0.217614633,1.093994004,0.324470767,-0.462749553,0.574164257,2.499556868
2023-06-02,-0.009558333,-0.006257544,0.053976065,0.092744365,0.003492978,0.047704381,,,,,,,,
2023-06-09,-0.003148073,0.020674976,0.079439113,0.121323715,0.032458266,0.125564919,,,,,,,,
2023-06-16,-0.000639,0.012215766,0.066570106,0.10073983,0.016777845,0.125933597,,,,,,,,
2023-06-23,-0.063658905,-0.010718303,0.022804398,0.03740403,0.001800848,0.073128577,,,,,,,,
2023-06-30,-0.0885,0.014283789,-6.57e-06,0.006219325,-0.022,0.071413649,0.180505464,-0.122951555,-0.029042363,4.070329311,0.026991768,4.089620327,0.855112099,5.593092164
2023-07-07,-0.099319064,-0.015081886,-0.02908974,-0.02849035,-0.108495398,0.014612766,,,,,,,,
2023-07-14,-0.083869678,0.011833625,0.00215359,-0.0016385,-0.0555234,0.035871434,,,,,,,,
2023-07-21,-0.064880957,0.026238698,0.007392703,-0.00380179,-0.054864183,0.00940363,,,,,,,,
2023-07-28,-0.054229371,0.10052051,0.01688391,0.008415465,-0.073250317,0.003475647,,,,,,,,
2023-07-31,,,,,,,-0.090212004,-0.242833884,-0.683883478,-6.169356901,0.116880211,-9.718192152,-2.587590465,-15.36332708
2023-08-04,0.003295971,0.130256788,0.010702685,-0.018296835,-0.013269229,-0.012597878,,,,,,,,
2023-08-11,0.040143735,0.144572394,-0.009730512,-0.03947795,-0.003820637,-0.014042971,,,,,,,,
2023-08-18,0.053592566,0.092459501,-0.059504714,-0.07211166,-0.065022208,-0.04755309,,,,,,,,
2023-08-25,0.100481877,0.060472789,-0.047908272,-0.052489915,-0.052863416,-0.026198831,,,,,,,,
2023-08-31,,,,,,,0.090212004,0.225257029,-0.77254134,5.693392175,0.885634451,1.461302185,0.966191091,5.348218183
2023-09-01,0.075113429,0.020621693,-0.023268496,-0.013846105,0.001816428,0.020382351,,,,,,,,
2023-09-08,0.033766548,-0.003110121,-0.023612511,-0.011507965,-0.011319766,-0.008108583,,,,,,,,
2023-09-15,0.01515058,0.0062,0.015412794,0.03039448,0.033742626,0.000274,,,,,,,,
2023-09-22,-0.015714756,-0.005476018,-0.01147105,-0.01082691,0.025439112,-0.008086404,,,,,,,,
2023-09-29,0.006097029,-0.040050316,-0.04062739,-0.04779861,-0.003180789,-0.030694616,,,,,,,,
2023-09-30,,,,,,,0.090130696,0.084340742,1.47279948,-7.837425299,0.506375177,6.731512701,-0.578593707,-2.7356235
2023-10-06,0.006490611,-0.084680075,-0.066695486,-0.077817045,-0.04017153,-0.074809382,,,,,,,,
2023-10-13,-0.004487715,-0.075549307,-0.046883756,-0.04284563,-0.052511603,-0.089705909,,,,,,,,
2023-10-20,-0.04357546,-0.097016128,-0.072204939,-0.051818405,-0.037355301,-0.152578215,,,,,,,,
2023-10-27,-0.028950216,-0.107212366,-0.077711546,-0.0629123,-0.040449027,-0.178277767,,,,,,,,
2023-10-31,,,,,,,0.269905697,0.161454529,-0.329427007,6.492544318,0.371484595,-2.286336444,0.962471337,3.302130385
2023-11-03,-0.000673,-0.048139052,-0.029423009,-0.007505525,0.00098,-0.129922544,,,,,,,,
2023-11-10,0.036438539,-0.002633347,-0.016186283,0.002675875,0.032111887,-0.064285322,,,,,,,,
2023-11-17,0.05484692,0.016723699,0.018605531,0.02242127,0.063387356,-0.005183724,,,,,,,,
2023-11-24,0.073042266,0.055678275,0.061239687,0.05666088,0.091940715,0.106782643,,,,,,,,
2023-11-30,,,,,,,0.269179167,-0.179019652,-0.158520219,0.096665063,-0.52224062,0.553506948,-0.095831344,-1.721212888
2023-12-01,0.019274015,0.054651296,0.067067216,0.06785635,0.086631438,0.146072955,,,,,,,,
2023-12-08,-0.013434131,0.040882166,0.046839536,0.046665595,0.058327667,0.105312961,,,,,,,,
2023-12-15,-0.022453432,0.037120393,0.044135305,0.04653648,0.018745388,0.137287027,,,,,,,,
2023-12-22,-0.009437846,0.029470964,0.046096387,0.050672765,-0.032316147,0.133292825,,,,,,,,
2023-12-29,0.004239884,0.040417848,0.065695522,0.071691535,-0.053849875,0.112812833,,,,,,,,
2023-12-31,,,,,,,0.0,0.08077403,0.028570849,-1.263993494,0.044363605,1.27972496,-0.191938639,-2.497402191
2024-01-05,0.009801156,0.000174,0.036162164,0.04328261,-0.067912328,0.043949638,,,,,,,,
2024-01-12,-0.009386218,-0.040632339,-0.006756758,-0.00379339,-0.037207249,0.008277436,,,,,,,,
2024-01-19,-0.084046834,-0.083312127,-0.042511447,-0.023348985,-0.057877542,-0.077711963,,,,,,,,
2024-01-26,-0.089333897,-0.067038356,-0.072421786,-0.0696863,-0.020578052,-0.11149361,,,,,,,,
2024-01-31,,,,,,,0.268456537,0.283946697,-0.22957716,-1.082155174,0.389553392,-6.08517139,-0.192307752,7.106944376
2024-02-02,-0.055599488,0.069305117,-0.033019259,-0.05348596,0.026566976,-0.07915464,,,,,,,,
2024-02-09,-0.0614,0.121341102,-0.000154,-0.022511325,0.0142,-0.008582608,,,,,,,,
2024-02-16,-0.009540805,0.160184819,0.036711886,0.001332635,0.041965691,0.04080794,,,,,,,,
2024-02-23,0.031231741,0.160134261,0.053261808,0.025736525,0.051645032,0.05494857,,,,,,,,
2024-02-29,,,,,,,0.178571476,0.307574252,-13.84411039,-2.706932197,0.537564634,8.507900924,-3.526320314,-18.0996115
2024-03-01,-0.019436661,0.061524109,0.034183226,0.02533724,0.029136961,0.070151598,,,,,,,,
2024-03-08,-0.027847961,0.008282633,0.031675466,0.032337605,-0.011196463,0.106957255,,,,,,,,
2024-03-15,-0.022097132,-0.041345145,0.013904235,0.011833375,-0.01089674,0.10244978,,,,,,,,
2024-03-22,-0.030165504,-0.033254856,0.047146892,0.06992088,-0.028562315,0.111725409,,,,,,,,
2024-03-29,-0.006501572,-0.034377337,0.058924776,0.093666095,-0.06058098,0.170938363,,,,,,,,
2024-03-31,,,,,,,-0.089245878,-0.209607064,13.24433258,-1.639380978,0.149299637,-6.312108646,1.484440915,14.52634802
2024-04-05,0.047264047,-0.063082031,0.043461818,0.09048233,-0.024318911,0.108165558,,,,,,,,
2024-04-12,0.041460546,-0.103884004,0.038063089,0.088408785,-0.049394899,0.065621256,,,,,,,,
2024-04-19,0.064407496,-0.109,-0.01863172,0.000872,-0.051570808,-0.00389,,,,,,,,
2024-04-26,0.084341524,-0.050359482,-0.031299038,-0.04035644,-0.00231209,-0.004624773,,,,,,,,
2024-04-30,,,,,,,0.178412179,0.174703049,0.41904761,-1.666705249,0.052640815,1.963597452,-0.295130563,10.2191618
2024-05-03,0.07583618,-0.031268492,-0.023045414,-0.0459879,0.011857858,-0.017856056,,,,,,,,
2024-05-10,0.072068616,0.032711211,-0.003819197,-0.027743445,0.022113056,0.015701601,,,,,,,,
2024-05-17,0.113498242,0.0568,0.015913019,-0.000825,0.046180365,0.0421,,,,,,,,
2024-05-24,0.134056296,-0.004588034,0.021348284,0.013908305,0.031863351,0.067567067,,,,,,,,
2024-05-31,0.111800626,-0.047112934,-0.015778197,-0.02834582,0.011029308,0.096830897,-0.178412179,-0.318187649,-10.43723629,0.523835666,0.078909302,-4.4493851,0.196850457,-7.772735586
2024-06-07,0.127564448,-0.038401892,0.013138767,0.01225992,-0.008570685,0.055405616,,,,,,,,
2024-06-14,0.209973089,-0.00515377,0.026236455,0.02969035,-0.013733058,0.1069107,,,,,,,,
2024-06-21,0.154526132,0.017619251,0.039138312,0.04984655,-0.007539738,0.115658633,,,,,,,,
2024-06-28,0.108513074,0.063949694,0.061038808,0.081410595,-0.014357187,0.05577535,,,,,,,,
2024-06-30,,,,,,,0.089245878,-0.031524195,9.490943081,0.104438652,-0.228130309,3.050760902,0.098280106,-9.274640156
2024-07-05,0.029910929,0.067413423,0.077869333,0.118210365,-0.033032592,0.003953721,,,,,,,,
2024-07-12,-0.030846497,0.023705796,0.044618293,0.065810995,0.010766999,0.042518649,,,,,,,,
2024-07-19,-0.07535699,0.003980057,0.004813294,0.016635105,0.039206491,-0.042086923,,,,,,,,
2024-07-26,-0.071891885,-0.021176743,-0.035994539,-0.051267075,0.053759654,-0.106287629,,,,,,,,
2024-07-31,,,,,,,-0.267976936,0.031524195,-0.031828359,3.285716516,0.254419578,13.6695396,0.196270917,11.76420576
2024-08-02,-0.047966345,-0.021410878,-0.075913477,-0.10820694,0.047759735,-0.156848886,,,,,,,,
2024-08-09,-0.042433494,-0.060856645,-0.123745163,-0.175586765,0.029080504,-0.18362334,,,,,,,,
2024-08-16,-0.0668,-0.027886103,-0.057852249,-0.07725581,-0.000849,-0.120156387,,,,,,,,
2024-08-23,-0.100456427,0.002791872,-0.040410588,-0.05554083,0.025189713,-0.107879675,,,,,,,,
2024-08-30,-0.104150422,0.013962722,-0.020694235,-0.037061085,0.015248545,-0.035092655,,,,,,,,
2024-08-31,,,,,,,0.08940546,0.045517411,-3.770349363,-1.629363949,0.35859574,-9.621148676,0.293685967,-2.80226491
2024-09-06,-0.128968919,0.004130927,-0.051959426,-0.06595853,-0.032269878,-0.080408743,,,,,,,,
2024-09-13,-0.076719414,0.039208165,-0.050073978,-0.09585381,0.021469626,-0.04080406,,,,,,,,
2024-09-20,-0.044298976,0.019165258,-0.062809947,-0.13411024,-0.025138939,-0.0494266,,,,,,,,
2024-09-27,0.01394818,-0.004121767,-0.02042961,-0.06050839,-0.061017515,0.001532983,,,,,,,,
2024-09-30,,,,,,,0.178571476,0.150410158,3.361028254,5.881116548,0.095990234,5.525298279,0.681931527,-4.435158938
2024-10-04,0.009657482,-0.031346306,-0.019725633,-0.06154673,-0.039190645,0.023925092,,,,,,,,
2024-10-11,0.020800692,-0.028875635,0.015586668,-0.017338175,-0.027562602,0.057139015,,,,,,,,
2024-10-18,-0.008103792,-0.047625094,-0.002995674,-0.01695788,-0.028403415,0.058613913,,,,,,,,
2024-10-25,-0.047445979,-0.06847746,-0.029058236,-0.04780387,-0.048714256,0.014059389,,,,,,,,
2024-10-31,,,,,,,0.445038563,-0.055940146,0.86746124,-2.648511846,0.034882707,-3.472571137,-0.681931527,11.45578141
2024-11-01,-0.036633735,-0.05858167,-0.039611367,-0.04556174,-0.056234824,-0.003924238,,,,,,,,
2024-11-08,-0.012969905,-0.037215714,-0.019380216,-0.020031095,-0.020686528,0.038079058,,,,,,,,
2024-11-15,-0.065537279,-0.085040099,-0.086681229,-0.095228815,-0.052470218,-0.02734646,,,,,,,,
2024-11-22,-0.008521093,-0.039824599,-0.047305295,-0.045898195,-0.02589545,-0.019577879,,,,,,,,
2024-11-29,-0.0074772,-0.025904995,-0.068667329,-0.090313595,0.01941521,-0.048043348,,,,,,,,
2024-11-30,,,,,,,-0.266785396,-0.045474421,-0.150290457,-3.335326847,-0.253175743,-1.692690749,-0.686613781,-16.69557881
2024-12-06,-0.004736959,-0.049038303,-0.067574241,-0.086839295,-0.051496726,-0.118329869,,,,,,,,
2024-12-13,0.043417603,-0.013513368,-0.005570201,-0.00786056,-0.016541458,-0.100315735,,,,,,,,
2024-12-20,0.032754804,-0.022055527,-0.028268157,-0.043815781,-0.018333902,-0.076602034,,,,,,,,
2024-12-27,0.00966693,-0.04541168,-0.023342207,-0.028114464,-0.058289151,-0.060205915,,,,,,,,
2024-12-31,,,,,,,0.089007572,-0.487523544,0.239226696,-2.287001964,0.444813432,6.941207082,0.490919003,5.203413924
2025-01-03,-0.005603723,-0.018256806,0.013537115,0.014282815,-0.022347196,0.053196262,,,,,,,,
2025-01-10,-0.017317486,0.007466232,0.034513511,0.023204695,0.012019915,0.157664933,,,,,,,,
2025-01-17,-0.042134657,0.002368884,0.040858599,0.035680513,-0.029097998,0.183185042,,,,,,,,
2025-01-24,-0.047956356,0.001381358,0.070360697,0.070193962,0.048669899,0.253311894,,,,,,,,
2025-01-31,-0.021721009,0.010724181,0.036103482,0.014884615,0.039305928,0.189272894,-0.178094437,0.965717792,-0.142280417,2.184174192,0.693784762,-18.85437244,-0.589392669,-4.948181524
2025-02-07,0.01283188,-0.0121512,0.010518547,-0.00591703,0.051221322,0.106473546,,,,,,,,
2025-02-14,0.035532498,0.021085251,0.030828221,0.017672955,0.108038675,0.112326538,,,,,,,,
2025-02-21,0.060755271,0.073411814,0.052997838,0.045588085,0.095991164,0.080151079,,,,,,,,
2025-02-28,0.023093396,0.057582547,0.001548368,-0.013280415,0.041845163,-0.027957135,0.267022856,0.243452977,-0.558744525,12.91493776,0.319254769,19.27260809,1.757857764,3.813677132
2025-03-07,0.035903954,0.090115486,0.02589494,-0.00626377,0.092703486,0.013228198,,,,,,,,
2025-03-14,0.001766583,0.057302503,0.009000619,-0.01522051,0.016668497,-0.015912215,,,,,,,,
2025-03-21,0.040176443,0.051856725,0.013549158,0.019781395,-0.015958404,-0.059828454,,,,,,,,
2025-03-28,0.029721119,-0.004482554,-0.007670299,0.01061523,-0.021734729,-0.121493531,,,,,,,,
2025-03-31,,,,,,,0.443459707,-0.006947581,0.05002262,-9.377428936,0.180746273,-0.502093105,-0.972770317,10.29653049
2025-04-04,0.016899505,-0.03464161,-0.034122808,-0.021107015,-0.022328087,-0.149800625,,,,,,,,
2025-04-11,0.014557577,-0.050372237,-0.052486325,-0.032391502,-0.011190638,-0.141833817,,,,,,,,
2025-04-18,0.041219569,-0.052914789,-0.058248128,-0.075203266,0.036219131,-0.068919766,,,,,,,,
2025-04-25,0.034647613,-0.037685027,-0.034598631,-0.07821126,0.066120511,0.040110202,,,,,,,,
2025-04-30,,,,,,,0.353357258,0.166608855,-0.14267728,-1.601635839,0.077362792,-0.588979406,-0.98232617,1.253865965
2025-05-02,0.07500392,0.014412058,0.001202249,-0.045460591,0.110370991,0.11431081,,,,,,,,
2025-05-09,0.090939938,0.033540455,0.039629855,0.006433111,0.082363988,0.149880384,,,,,,,,
2025-05-16,0.084133534,0.033706297,0.051316819,0.038365419,0.093210442,0.203876739,,,,,,,,
2025-05-23,0.035258203,0.078072583,0.002809324,-0.011392902,0.160959587,0.180763798,,,,,,,,
2025-05-30,0.030754412,0.108001716,0.028143676,0.023661703,0.194926966,0.155153632,,,,,,,,
2025-05-31,,,,,,,-0.264900817,-0.152714177,-0.050878843,1.998068469,-0.094562655,-5.641408928,0.0,-5.239266682
2025-06-06,0.03199097,0.151302947,0.06786831,0.080528518,0.225886909,0.224953627,,,,,,,,
2025-06-13,0.019803105,0.142497941,0.081748036,0.073698315,0.257338444,0.269976945,,,,,,,,
2025-06-20,0.04448977,0.121689422,0.126873433,0.12647869,0.207548313,0.279507581,,,,,,,,
2025-06-27,0.046654768,0.066637282,0.131460611,0.15917423,0.164325035,0.327425479,,,,,,,,
2025-06-30,,,,,,,0.176678491,-0.222546861,0.091668357,-1.494796144,0.034396767,-4.380262266,0.590552897,-2.271633589
2025-07-04,0.061689133,0.046171456,0.099614695,0.127813125,0.041881096,0.208609934,,,,,,,,
2025-07-11,0.108183896,0.058067737,0.093899523,0.119722225,0.004758051,0.14092089,,,,,,,,
2025-07-18,0.083696573,0.060907512,0.078960069,0.108399315,-0.03844187,0.077283291,,,,,,,,
2025-07-25,0.035170222,0.040377019,0.066484192,0.07223334,-0.096689122,0.036370036,,,,,,,,
2025-07-31,,,,,,,0.0,0.006962091,-0.227541233,5.279818557,0.180389174,7.284117864,2.710717765,8.500630467
2025-08-01,0.021975485,-0.025984661,0.055390494,0.067894185,-0.116019871,-0.003585644,,,,,,,,
2025-08-08,0.031874988,-0.038174862,0.059428491,0.07811712,-0.019440997,0.102961713,,,,,,,,
2025-08-15,-0.050687879,-0.067752752,0.045164625,0.08068173,-0.060468322,0.077330477,,,,,,,,
2025-08-22,-0.019650716,-0.05504873,0.011631233,0.03294961,-0.046362309,0.00273011,,,,,,,,
2025-08-29,0.020719077,-0.014695019,0.010174196,0.021996305,-0.015514032,0.022950361,,,,,,,,
2025-08-31,,,,,,,0.352423272,0.02784352,-0.912706209,-1.438873745,-0.060093576,-1.309490558,-2.416744011,-5.608946665
2025-09-05,-0.00286,0.0172,0.006482399,1.5e-05,0.000426,0.00801,,,,,,,,
2025-09-12,0.029358334,0.044909946,0.054415964,0.073327945,0.012623586,-0.022219679,,,,,,,,
2025-09-19,0.052128146,0.091429096,0.08145583,0.12702095,0.009026565,0.003494176,,,,,,,,
2025-09-26,0.002627351,0.060896614,0.083845206,0.150775075,-0.030869691,0.014378482,,,,,,,,
2025-09-30,,,,,,,0.351185611,0.627896535,0.820814109,3.605703693,0.522462753,11.99287499,-0.09789526,14.22075877
2025-10-03,-0.008685548,0.065560169,0.141555839,0.242571245,-0.030971909,0.045154692,,,,,,,,
2025-10-10,-0.031671322,0.041667322,0.133556413,0.23911532,-0.051654991,0.133934092,,,,,,,,
2025-10-17,-0.064341748,0.030488154,0.14323198,0.233199735,-0.052957653,0.193177613,,,,,,,,
2025-10-24,-0.056433446,0.03421974,0.195527246,0.26636411,0.069984268,0.225915627,,,,,,,,
2025-10-31,-0.037743615,0.066520085,0.219001857,0.291567935,0.093576897,0.245252896,,-0.464472239,-0.143399445,-5.065583635,0.307062677,,3.465216771,0.948717463
2025-11-07,-0.036683614,0.03631775,0.126315511,0.18326486,-0.012361451,0.067500263,,,,,,,,
2025-11-14,0.002093702,0.05972588,0.097217681,0.114277005,0.015528856,-0.007597339,,,,,,,,
2025-11-21,0.037445395,0.0488,-0.003333829,0.000933,-0.052711467,-0.114,,,,,,,,
